2026-09-28 05:01:42,764 [INFO] pipeline.enrich_runner: [EnrichPipeline] Raw backup created at: .tmp_backup_transformed output
2026-09-28 05:01:42,766 [INFO] pipeline.enrich_runner: [EnrichPipeline] Discovered 63 .dita files, 8 .ditamap files
2026-09-28 05:01:42,774 [INFO] pipeline.enrich_runner: [EnrichPipeline] Parsed 63 DITA files
2026-09-28 05:01:42,774 [INFO] pipeline.enrich_runner: [EnrichPipeline] ══ BEFORE ENRICHMENT ══════════════════════════════
2026-09-28 05:01:42,774 [INFO] pipeline.enrich_runner: [EnrichPipeline] Total DITA files: 63
2026-09-28 05:01:42,774 [INFO] pipeline.enrich_runner: [EnrichPipeline] [BEFORE] adjusting_print_quality/adjusting_print_quality.dita type=concept    shortdesc=NO  prolog=NO 
2026-09-28 05:01:42,774 [INFO] pipeline.enrich_runner: [EnrichPipeline] [BEFORE] adjusting_print_quality/aligning_the_print_head_using_the_product_control_panel.dita type=task       shortdesc=NO  prolog=NO 
2026-09-28 05:01:42,775 [INFO] pipeline.enrich_runner: [EnrichPipeline] [BEFORE] adjusting_print_quality/checking_the_nozzles_using_a_computer_utility.dita type=task       shortdesc=NO  prolog=NO 
2026-09-28 05:01:42,775 [INFO] pipeline.enrich_runner: [EnrichPipeline] [BEFORE] adjusting_print_quality/checking_the_nozzles_using_the_product_control_panel.dita type=task       shortdesc=NO  prolog=NO 
2026-09-28 05:01:42,775 [INFO] pipeline.enrich_runner: [EnrichPipeline] [BEFORE] adjusting_print_quality/checking_the_number_of_sheets_fed.dita type=concept    shortdesc=NO  prolog=NO 
2026-09-28 05:01:42,775 [INFO] pipeline.enrich_runner: [EnrichPipeline] [BEFORE] adjusting_print_quality/checking_the_number_of_sheets_on_the_lcd_screen.dita type=task       shortdesc=NO  prolog=NO 
2026-09-28 05:01:42,775 [INFO] pipeline.enrich_runner: [EnrichPipeline] [BEFORE] adjusting_print_quality/checking_the_sheet_counter_mac.dita type=task       shortdesc=NO  prolog=NO 
2026-09-28 05:01:42,775 [INFO] pipeline.enrich_runner: [EnrichPipeline] [BEFORE] adjusting_print_quality/checking_the_sheet_counter_windows.dita type=task       shortdesc=NO  prolog=NO 
2026-09-28 05:01:42,775 [INFO] pipeline.enrich_runner: [EnrichPipeline] [BEFORE] adjusting_print_quality/cleaning_the_paper_guide.dita type=task       shortdesc=NO  prolog=NO 
2026-09-28 05:01:42,775 [INFO] pipeline.enrich_runner: [EnrichPipeline] [BEFORE] adjusting_print_quality/cleaning_the_print_head_path.dita type=task       shortdesc=NO  prolog=NO 
2026-09-28 05:01:42,775 [INFO] pipeline.enrich_runner: [EnrichPipeline] [BEFORE] adjusting_print_quality/cleaning_the_print_head_using_a_computer_utility.dita type=task       shortdesc=NO  prolog=NO 
2026-09-28 05:01:42,775 [INFO] pipeline.enrich_runner: [EnrichPipeline] [BEFORE] adjusting_print_quality/cleaning_the_print_head_using_the_product_control_panel.dita type=task       shortdesc=NO  prolog=NO 
2026-09-28 05:01:42,775 [INFO] pipeline.enrich_runner: [EnrichPipeline] [BEFORE] adjusting_print_quality/power_cleaning.dita        type=concept    shortdesc=NO  prolog=NO 
2026-09-28 05:01:42,775 [INFO] pipeline.enrich_runner: [EnrichPipeline] [BEFORE] adjusting_print_quality/power_cleaning_using_a_computer_utility.dita type=task       shortdesc=NO  prolog=NO 
2026-09-28 05:01:42,775 [INFO] pipeline.enrich_runner: [EnrichPipeline] [BEFORE] adjusting_print_quality/power_cleaning_using_the_product_control_panel.dita type=task       shortdesc=NO  prolog=NO 
2026-09-28 05:01:42,775 [INFO] pipeline.enrich_runner: [EnrichPipeline] [BEFORE] adjusting_print_quality/print_head_alignment.dita  type=concept    shortdesc=NO  prolog=NO 
2026-09-28 05:01:42,775 [INFO] pipeline.enrich_runner: [EnrichPipeline] [BEFORE] adjusting_print_quality/print_head_cleaning.dita   type=concept    shortdesc=NO  prolog=NO 
2026-09-28 05:01:42,775 [INFO] pipeline.enrich_runner: [EnrichPipeline] [BEFORE] adjusting_print_quality/print_head_maintenance.dita type=concept    shortdesc=NO  prolog=NO 
2026-09-28 05:01:42,775 [INFO] pipeline.enrich_runner: [EnrichPipeline] [BEFORE] adjusting_print_quality/print_head_nozzle_check.dita type=concept    shortdesc=NO  prolog=NO 
2026-09-28 05:01:42,776 [INFO] pipeline.enrich_runner: [EnrichPipeline] [BEFORE] cleaning_and_transporting_your_product/cleaning_and_transporting_your_product.dita type=concept    shortdesc=NO  prolog=NO 
2026-09-28 05:01:42,776 [INFO] pipeline.enrich_runner: [EnrichPipeline] [BEFORE] cleaning_and_transporting_your_product/cleaning_your_product.dita type=task       shortdesc=NO  prolog=NO 
2026-09-28 05:01:42,776 [INFO] pipeline.enrich_runner: [EnrichPipeline] [BEFORE] cleaning_and_transporting_your_product/copyright_notice.dita type=concept    shortdesc=NO  prolog=NO 
2026-09-28 05:01:42,776 [INFO] pipeline.enrich_runner: [EnrichPipeline] [BEFORE] cleaning_and_transporting_your_product/transporting_your_product.dita type=task       shortdesc=NO  prolog=NO 
2026-09-28 05:01:42,776 [INFO] pipeline.enrich_runner: [EnrichPipeline] [BEFORE] copying/copying.dita                               type=concept    shortdesc=NO  prolog=NO 
2026-09-28 05:01:42,776 [INFO] pipeline.enrich_runner: [EnrichPipeline] [BEFORE] copying/copying_documents_or_photos.dita           type=task       shortdesc=NO  prolog=NO 
2026-09-28 05:01:42,776 [INFO] pipeline.enrich_runner: [EnrichPipeline] [BEFORE] copying/copying_options.dita                       type=reference  shortdesc=NO  prolog=NO 
2026-09-28 05:01:42,776 [INFO] pipeline.enrich_runner: [EnrichPipeline] [BEFORE] loading_paper/borderless_paper_type_compatibility.dita type=concept    shortdesc=NO  prolog=NO 
2026-09-28 05:01:42,776 [INFO] pipeline.enrich_runner: [EnrichPipeline] [BEFORE] loading_paper/compatible_metr_papers.dita          type=reference  shortdesc=NO  prolog=NO 
2026-09-28 05:01:42,776 [INFO] pipeline.enrich_runner: [EnrichPipeline] [BEFORE] loading_paper/double_sided_printing_capacity.dita  type=concept    shortdesc=NO  prolog=NO 
2026-09-28 05:01:42,776 [INFO] pipeline.enrich_runner: [EnrichPipeline] [BEFORE] loading_paper/loading_paper.dita                   type=concept    shortdesc=NO  prolog=NO 
2026-09-28 05:01:42,776 [INFO] pipeline.enrich_runner: [EnrichPipeline] [BEFORE] loading_paper/loading_paper_in_the_rear_paper_feeder.dita type=task       shortdesc=NO  prolog=NO 
2026-09-28 05:01:42,776 [INFO] pipeline.enrich_runner: [EnrichPipeline] [BEFORE] loading_paper/paper_loading_capacity.dita          type=reference  shortdesc=NO  prolog=NO 
2026-09-28 05:01:42,776 [INFO] pipeline.enrich_runner: [EnrichPipeline] [BEFORE] loading_paper/paper_or_media_type_settings_control_panel.dita type=reference  shortdesc=NO  prolog=NO 
2026-09-28 05:01:42,776 [INFO] pipeline.enrich_runner: [EnrichPipeline] [BEFORE] loading_paper/paper_or_media_type_settings_printing_software.dita type=reference  shortdesc=NO  prolog=NO 
2026-09-28 05:01:42,776 [INFO] pipeline.enrich_runner: [EnrichPipeline] [BEFORE] loading_paper/paper_source_settings_options.dita   type=reference  shortdesc=NO  prolog=NO 
2026-09-28 05:01:42,776 [INFO] pipeline.enrich_runner: [EnrichPipeline] [BEFORE] loading_paper/selecting_the_default_paper_source_settings.dita type=task       shortdesc=NO  prolog=NO 
2026-09-28 05:01:42,777 [INFO] pipeline.enrich_runner: [EnrichPipeline] [BEFORE] loading_paper/selecting_the_paper_settings_control_panel.dita type=task       shortdesc=NO  prolog=NO 
2026-09-28 05:01:42,777 [INFO] pipeline.enrich_runner: [EnrichPipeline] [BEFORE] placing_originals_on_the_product/placing_originals_on_the_product.dita type=concept    shortdesc=NO  prolog=NO 
2026-09-28 05:01:42,777 [INFO] pipeline.enrich_runner: [EnrichPipeline] [BEFORE] placing_originals_on_the_product/placing_originals_on_the_scanner_glass.dita type=task       shortdesc=NO  prolog=NO 
2026-09-28 05:01:42,777 [INFO] pipeline.enrich_runner: [EnrichPipeline] [BEFORE] product_basics/changing_lcd_screen_language.dita   type=task       shortdesc=NO  prolog=NO 
2026-09-28 05:01:42,777 [INFO] pipeline.enrich_runner: [EnrichPipeline] [BEFORE] product_basics/changing_the_power_off_timer_setting_from_the_control_panel.dita type=task       shortdesc=NO  prolog=NO 
2026-09-28 05:01:42,777 [INFO] pipeline.enrich_runner: [EnrichPipeline] [BEFORE] product_basics/changing_the_sleep_timer_setting_from_the_control_panel.dita type=task       shortdesc=NO  prolog=NO 
2026-09-28 05:01:42,777 [INFO] pipeline.enrich_runner: [EnrichPipeline] [BEFORE] product_basics/entering_characters_on_the_lcd_screen.dita type=concept    shortdesc=NO  prolog=NO 
2026-09-28 05:01:42,777 [INFO] pipeline.enrich_runner: [EnrichPipeline] [BEFORE] product_basics/product_basics.dita                 type=concept    shortdesc=NO  prolog=NO 
2026-09-28 05:01:42,777 [INFO] pipeline.enrich_runner: [EnrichPipeline] [BEFORE] product_basics/product_parts_back.dita             type=task       shortdesc=NO  prolog=NO 
2026-09-28 05:01:42,777 [INFO] pipeline.enrich_runner: [EnrichPipeline] [BEFORE] product_basics/product_parts_front.dita            type=task       shortdesc=NO  prolog=NO 
2026-09-28 05:01:42,777 [INFO] pipeline.enrich_runner: [EnrichPipeline] [BEFORE] product_basics/product_parts_inside.dita           type=task       shortdesc=NO  prolog=NO 
2026-09-28 05:01:42,777 [INFO] pipeline.enrich_runner: [EnrichPipeline] [BEFORE] product_basics/product_parts_locations.dita        type=concept    shortdesc=NO  prolog=NO 
2026-09-28 05:01:42,777 [INFO] pipeline.enrich_runner: [EnrichPipeline] [BEFORE] product_basics/status_icon_information.dita        type=reference  shortdesc=NO  prolog=NO 
2026-09-28 05:01:42,777 [INFO] pipeline.enrich_runner: [EnrichPipeline] [BEFORE] product_basics/the_lcd_screen.dita                 type=task       shortdesc=NO  prolog=NO 
2026-09-28 05:01:42,777 [INFO] pipeline.enrich_runner: [EnrichPipeline] [BEFORE] product_basics/using_power_saving_settings.dita    type=concept    shortdesc=NO  prolog=NO 
2026-09-28 05:01:42,777 [INFO] pipeline.enrich_runner: [EnrichPipeline] [BEFORE] product_basics/using_the_control_panel.dita        type=task       shortdesc=NO  prolog=NO 
2026-09-28 05:01:42,777 [INFO] pipeline.enrich_runner: [EnrichPipeline] [BEFORE] product_basics/viewing_animations.dita             type=task       shortdesc=NO  prolog=NO 
2026-09-28 05:01:42,778 [INFO] pipeline.enrich_runner: [EnrichPipeline] [BEFORE] refilling_ink/check_ink_levels.dita                type=concept    shortdesc=NO  prolog=NO 
2026-09-28 05:01:42,778 [INFO] pipeline.enrich_runner: [EnrichPipeline] [BEFORE] refilling_ink/checking_ink_levels_mac.dita         type=task       shortdesc=NO  prolog=NO 
2026-09-28 05:01:42,778 [INFO] pipeline.enrich_runner: [EnrichPipeline] [BEFORE] refilling_ink/checking_ink_levels_on_your_product.dita type=concept    shortdesc=NO  prolog=NO 
2026-09-28 05:01:42,778 [INFO] pipeline.enrich_runner: [EnrichPipeline] [BEFORE] refilling_ink/checking_ink_levels_windows.dita     type=task       shortdesc=NO  prolog=NO 
2026-09-28 05:01:42,778 [INFO] pipeline.enrich_runner: [EnrichPipeline] [BEFORE] refilling_ink/disabling_special_offers_with_windows.dita type=task       shortdesc=NO  prolog=NO 
2026-09-28 05:01:42,778 [INFO] pipeline.enrich_runner: [EnrichPipeline] [BEFORE] refilling_ink/ink_bottle_part_numbers.dita         type=reference  shortdesc=NO  prolog=NO 
2026-09-28 05:01:42,778 [INFO] pipeline.enrich_runner: [EnrichPipeline] [BEFORE] refilling_ink/ink_safety_precautions.dita          type=concept    shortdesc=NO  prolog=NO 
2026-09-28 05:01:42,778 [INFO] pipeline.enrich_runner: [EnrichPipeline] [BEFORE] refilling_ink/purchase_metr_ink.dita               type=concept    shortdesc=NO  prolog=NO 
2026-09-28 05:01:42,778 [INFO] pipeline.enrich_runner: [EnrichPipeline] [BEFORE] refilling_ink/refilling_ink.dita                   type=concept    shortdesc=NO  prolog=NO 
2026-09-28 05:01:42,778 [INFO] pipeline.enrich_runner: [EnrichPipeline] [BEFORE] refilling_ink/refilling_the_ink_tanks.dita         type=task       shortdesc=NO  prolog=NO 
2026-09-28 05:01:42,778 [INFO] pipeline.enrich_runner: [EnrichPipeline] ── Structure & Schema Validation (DITA-only) ──
2026-09-28 05:01:42,778 [INFO] utils.structure_validator: [StructureValidator] Checking .ditamap topicref and mapref references
2026-09-28 05:01:42,788 [INFO] utils.structure_validator: [StructureValidator] Checking for duplicate id attributes
2026-09-28 05:01:42,796 [INFO] utils.structure_validator: [StructureValidator] Checking <xref> href targets
2026-09-28 05:01:42,804 [INFO] utils.structure_validator: [StructureValidator] Checking for spaces in filenames and folder names
2026-09-28 05:01:42,806 [INFO] utils.structure_validator: [StructureValidator] Running per-file DITA schema validation
2026-09-28 05:01:42,809 [WARNING] utils.structure_validator: [StructureValidator] WARNING [step_empty_cmd]: 'product_basics/product_parts_back.dita' — step 3 has an empty <cmd> element
2026-09-28 05:01:42,809 [WARNING] utils.structure_validator: [StructureValidator] WARNING [missing_shortdesc]: 'product_basics/product_parts_back.dita' — <shortdesc> element is missing — required for search previews and navigation
2026-09-28 05:01:42,810 [WARNING] utils.structure_validator: [StructureValidator] WARNING [missing_shortdesc]: 'product_basics/viewing_animations.dita' — <shortdesc> element is missing — required for search previews and navigation
2026-09-28 05:01:42,811 [WARNING] utils.structure_validator: [StructureValidator] WARNING [section_missing_title]: 'product_basics/status_icon_information.dita' — <section> #1 has no <title> — recommended for DITA compliance
2026-09-28 05:01:42,811 [WARNING] utils.structure_validator: [StructureValidator] WARNING [table_missing_title]: 'product_basics/status_icon_information.dita' — <table> #1 has no <title> element — required for accessibility and DITA compliance
2026-09-28 05:01:42,811 [WARNING] utils.structure_validator: [StructureValidator] WARNING [missing_shortdesc]: 'product_basics/status_icon_information.dita' — <shortdesc> element is missing — required for search previews and navigation
2026-09-28 05:01:42,812 [WARNING] utils.structure_validator: [StructureValidator] WARNING [missing_shortdesc]: 'product_basics/product_parts_inside.dita' — <shortdesc> element is missing — required for search previews and navigation
2026-09-28 05:01:42,813 [WARNING] utils.structure_validator: [StructureValidator] WARNING [missing_shortdesc]: 'product_basics/product_parts_locations.dita' — <shortdesc> element is missing — required for search previews and navigation
2026-09-28 05:01:42,813 [WARNING] utils.structure_validator: [StructureValidator] WARNING [missing_shortdesc]: 'product_basics/the_lcd_screen.dita' — <shortdesc> element is missing — required for search previews and navigation
2026-09-28 05:01:42,814 [WARNING] utils.structure_validator: [StructureValidator] WARNING [missing_shortdesc]: 'product_basics/entering_characters_on_the_lcd_screen.dita' — <shortdesc> element is missing — required for search previews and navigation
2026-09-28 05:01:42,816 [WARNING] utils.structure_validator: [StructureValidator] WARNING [step_empty_cmd]: 'product_basics/using_the_control_panel.dita' — step 1 has an empty <cmd> element
2026-09-28 05:01:42,816 [WARNING] utils.structure_validator: [StructureValidator] WARNING [step_empty_cmd]: 'product_basics/using_the_control_panel.dita' — step 2 has an empty <cmd> element
2026-09-28 05:01:42,816 [WARNING] utils.structure_validator: [StructureValidator] WARNING [step_empty_cmd]: 'product_basics/using_the_control_panel.dita' — step 4 has an empty <cmd> element
2026-09-28 05:01:42,816 [WARNING] utils.structure_validator: [StructureValidator] WARNING [step_empty_cmd]: 'product_basics/using_the_control_panel.dita' — step 5 has an empty <cmd> element
2026-09-28 05:01:42,816 [WARNING] utils.structure_validator: [StructureValidator] WARNING [step_empty_cmd]: 'product_basics/using_the_control_panel.dita' — step 6 has an empty <cmd> element
2026-09-28 05:01:42,816 [WARNING] utils.structure_validator: [StructureValidator] WARNING [step_empty_cmd]: 'product_basics/using_the_control_panel.dita' — step 8 has an empty <cmd> element
2026-09-28 05:01:42,816 [WARNING] utils.structure_validator: [StructureValidator] WARNING [step_empty_cmd]: 'product_basics/using_the_control_panel.dita' — step 9 has an empty <cmd> element
2026-09-28 05:01:42,816 [WARNING] utils.structure_validator: [StructureValidator] WARNING [missing_shortdesc]: 'product_basics/using_the_control_panel.dita' — <shortdesc> element is missing — required for search previews and navigation
2026-09-28 05:01:42,817 [WARNING] utils.structure_validator: [StructureValidator] WARNING [missing_shortdesc]: 'product_basics/changing_the_sleep_timer_setting_from_the_control_panel.dita' — <shortdesc> element is missing — required for search previews and navigation
2026-09-28 05:01:42,817 [WARNING] utils.structure_validator: [StructureValidator] WARNING [missing_shortdesc]: 'product_basics/product_basics.dita' — <shortdesc> element is missing — required for search previews and navigation
2026-09-28 05:01:42,818 [WARNING] utils.structure_validator: [StructureValidator] WARNING [missing_shortdesc]: 'product_basics/changing_lcd_screen_language.dita' — <shortdesc> element is missing — required for search previews and navigation
2026-09-28 05:01:42,818 [WARNING] utils.structure_validator: [StructureValidator] WARNING [missing_shortdesc]: 'product_basics/product_parts_front.dita' — <shortdesc> element is missing — required for search previews and navigation
2026-09-28 05:01:42,819 [WARNING] utils.structure_validator: [StructureValidator] WARNING [missing_shortdesc]: 'product_basics/using_power_saving_settings.dita' — <shortdesc> element is missing — required for search previews and navigation
2026-09-28 05:01:42,819 [WARNING] utils.structure_validator: [StructureValidator] WARNING [missing_shortdesc]: 'product_basics/changing_the_power_off_timer_setting_from_the_control_panel.dita' — <shortdesc> element is missing — required for search previews and navigation
2026-09-28 05:01:42,820 [WARNING] utils.structure_validator: [StructureValidator] WARNING [missing_shortdesc]: 'cleaning_and_transporting_your_product/cleaning_your_product.dita' — <shortdesc> element is missing — required for search previews and navigation
2026-09-28 05:01:42,821 [WARNING] utils.structure_validator: [StructureValidator] WARNING [missing_shortdesc]: 'cleaning_and_transporting_your_product/cleaning_and_transporting_your_product.dita' — <shortdesc> element is missing — required for search previews and navigation
2026-09-28 05:01:42,822 [WARNING] utils.structure_validator: [StructureValidator] WARNING [missing_shortdesc]: 'cleaning_and_transporting_your_product/transporting_your_product.dita' — <shortdesc> element is missing — required for search previews and navigation
2026-09-28 05:01:42,822 [WARNING] utils.structure_validator: [StructureValidator] WARNING [missing_shortdesc]: 'cleaning_and_transporting_your_product/copyright_notice.dita' — <shortdesc> element is missing — required for search previews and navigation
2026-09-28 05:01:42,823 [WARNING] utils.structure_validator: [StructureValidator] WARNING [missing_shortdesc]: 'loading_paper/selecting_the_default_paper_source_settings.dita' — <shortdesc> element is missing — required for search previews and navigation
2026-09-28 05:01:42,824 [WARNING] utils.structure_validator: [StructureValidator] WARNING [section_missing_title]: 'loading_paper/paper_or_media_type_settings_printing_software.dita' — <section> #1 has no <title> — recommended for DITA compliance
2026-09-28 05:01:42,824 [WARNING] utils.structure_validator: [StructureValidator] WARNING [table_missing_title]: 'loading_paper/paper_or_media_type_settings_printing_software.dita' — <table> #1 has no <title> element — required for accessibility and DITA compliance
2026-09-28 05:01:42,824 [WARNING] utils.structure_validator: [StructureValidator] WARNING [table_missing_title]: 'loading_paper/paper_or_media_type_settings_printing_software.dita' — <table> #2 has no <title> element — required for accessibility and DITA compliance
2026-09-28 05:01:42,824 [WARNING] utils.structure_validator: [StructureValidator] WARNING [missing_shortdesc]: 'loading_paper/paper_or_media_type_settings_printing_software.dita' — <shortdesc> element is missing — required for search previews and navigation
2026-09-28 05:01:42,824 [WARNING] utils.structure_validator: [StructureValidator] WARNING [missing_shortdesc]: 'loading_paper/loading_paper.dita' — <shortdesc> element is missing — required for search previews and navigation
2026-09-28 05:01:42,825 [WARNING] utils.structure_validator: [StructureValidator] WARNING [missing_shortdesc]: 'loading_paper/borderless_paper_type_compatibility.dita' — <shortdesc> element is missing — required for search previews and navigation
2026-09-28 05:01:42,825 [WARNING] utils.structure_validator: [StructureValidator] WARNING [section_missing_title]: 'loading_paper/paper_loading_capacity.dita' — <section> #1 has no <title> — recommended for DITA compliance
2026-09-28 05:01:42,825 [WARNING] utils.structure_validator: [StructureValidator] WARNING [table_col_mismatch]: 'loading_paper/paper_loading_capacity.dita' — table 1 row has 1 entries but cols=2
2026-09-28 05:01:42,825 [WARNING] utils.structure_validator: [StructureValidator] WARNING [table_missing_title]: 'loading_paper/paper_loading_capacity.dita' — <table> #1 has no <title> element — required for accessibility and DITA compliance
2026-09-28 05:01:42,825 [WARNING] utils.structure_validator: [StructureValidator] WARNING [table_missing_title]: 'loading_paper/paper_loading_capacity.dita' — <table> #2 has no <title> element — required for accessibility and DITA compliance
2026-09-28 05:01:42,826 [WARNING] utils.structure_validator: [StructureValidator] WARNING [missing_shortdesc]: 'loading_paper/paper_loading_capacity.dita' — <shortdesc> element is missing — required for search previews and navigation
2026-09-28 05:01:42,828 [WARNING] utils.structure_validator: [StructureValidator] WARNING [missing_shortdesc]: 'loading_paper/loading_paper_in_the_rear_paper_feeder.dita' — <shortdesc> element is missing — required for search previews and navigation
2026-09-28 05:01:42,829 [WARNING] utils.structure_validator: [StructureValidator] WARNING [section_missing_title]: 'loading_paper/paper_or_media_type_settings_control_panel.dita' — <section> #1 has no <title> — recommended for DITA compliance
2026-09-28 05:01:42,829 [WARNING] utils.structure_validator: [StructureValidator] WARNING [table_missing_title]: 'loading_paper/paper_or_media_type_settings_control_panel.dita' — <table> #1 has no <title> element — required for accessibility and DITA compliance
2026-09-28 05:01:42,829 [WARNING] utils.structure_validator: [StructureValidator] WARNING [missing_shortdesc]: 'loading_paper/paper_or_media_type_settings_control_panel.dita' — <shortdesc> element is missing — required for search previews and navigation
2026-09-28 05:01:42,829 [WARNING] utils.structure_validator: [StructureValidator] WARNING [table_col_mismatch]: 'loading_paper/double_sided_printing_capacity.dita' — table 1 row has 3 entries but cols=4
2026-09-28 05:01:42,829 [WARNING] utils.structure_validator: [StructureValidator] WARNING [table_col_mismatch]: 'loading_paper/double_sided_printing_capacity.dita' — table 1 row has 2 entries but cols=4
2026-09-28 05:01:42,830 [WARNING] utils.structure_validator: [StructureValidator] WARNING [table_missing_title]: 'loading_paper/double_sided_printing_capacity.dita' — <table> #1 has no <title> element — required for accessibility and DITA compliance
2026-09-28 05:01:42,830 [WARNING] utils.structure_validator: [StructureValidator] WARNING [missing_shortdesc]: 'loading_paper/double_sided_printing_capacity.dita' — <shortdesc> element is missing — required for search previews and navigation
2026-09-28 05:01:42,830 [WARNING] utils.structure_validator: [StructureValidator] WARNING [section_missing_title]: 'loading_paper/paper_source_settings_options.dita' — <section> #1 has no <title> — recommended for DITA compliance
2026-09-28 05:01:42,830 [WARNING] utils.structure_validator: [StructureValidator] WARNING [table_col_mismatch]: 'loading_paper/paper_source_settings_options.dita' — table 1 row has 1 entries but cols=3
2026-09-28 05:01:42,830 [WARNING] utils.structure_validator: [StructureValidator] WARNING [table_col_mismatch]: 'loading_paper/paper_source_settings_options.dita' — table 1 row has 1 entries but cols=3
2026-09-28 05:01:42,830 [WARNING] utils.structure_validator: [StructureValidator] WARNING [table_col_mismatch]: 'loading_paper/paper_source_settings_options.dita' — table 1 row has 1 entries but cols=3
2026-09-28 05:01:42,831 [WARNING] utils.structure_validator: [StructureValidator] WARNING [table_missing_title]: 'loading_paper/paper_source_settings_options.dita' — <table> #1 has no <title> element — required for accessibility and DITA compliance
2026-09-28 05:01:42,831 [WARNING] utils.structure_validator: [StructureValidator] WARNING [missing_shortdesc]: 'loading_paper/paper_source_settings_options.dita' — <shortdesc> element is missing — required for search previews and navigation
2026-09-28 05:01:42,831 [WARNING] utils.structure_validator: [StructureValidator] WARNING [section_missing_title]: 'loading_paper/compatible_metr_papers.dita' — <section> #1 has no <title> — recommended for DITA compliance
2026-09-28 05:01:42,831 [WARNING] utils.structure_validator: [StructureValidator] WARNING [table_col_mismatch]: 'loading_paper/compatible_metr_papers.dita' — table 1 row has 3 entries but cols=4
2026-09-28 05:01:42,831 [WARNING] utils.structure_validator: [StructureValidator] WARNING [table_col_mismatch]: 'loading_paper/compatible_metr_papers.dita' — table 2 row has 3 entries but cols=4
2026-09-28 05:01:42,831 [WARNING] utils.structure_validator: [StructureValidator] WARNING [table_col_mismatch]: 'loading_paper/compatible_metr_papers.dita' — table 2 row has 3 entries but cols=4
2026-09-28 05:01:42,832 [WARNING] utils.structure_validator: [StructureValidator] WARNING [table_col_mismatch]: 'loading_paper/compatible_metr_papers.dita' — table 2 row has 3 entries but cols=4
2026-09-28 05:01:42,832 [WARNING] utils.structure_validator: [StructureValidator] WARNING [table_col_mismatch]: 'loading_paper/compatible_metr_papers.dita' — table 2 row has 3 entries but cols=4
2026-09-28 05:01:42,832 [WARNING] utils.structure_validator: [StructureValidator] WARNING [table_col_mismatch]: 'loading_paper/compatible_metr_papers.dita' — table 2 row has 3 entries but cols=4
2026-09-28 05:01:42,832 [WARNING] utils.structure_validator: [StructureValidator] WARNING [table_col_mismatch]: 'loading_paper/compatible_metr_papers.dita' — table 2 row has 3 entries but cols=4
2026-09-28 05:01:42,832 [WARNING] utils.structure_validator: [StructureValidator] WARNING [table_col_mismatch]: 'loading_paper/compatible_metr_papers.dita' — table 2 row has 3 entries but cols=4
2026-09-28 05:01:42,832 [WARNING] utils.structure_validator: [StructureValidator] WARNING [table_col_mismatch]: 'loading_paper/compatible_metr_papers.dita' — table 2 row has 3 entries but cols=4
2026-09-28 05:01:42,832 [WARNING] utils.structure_validator: [StructureValidator] WARNING [table_col_mismatch]: 'loading_paper/compatible_metr_papers.dita' — table 2 row has 3 entries but cols=4
2026-09-28 05:01:42,832 [WARNING] utils.structure_validator: [StructureValidator] WARNING [table_col_mismatch]: 'loading_paper/compatible_metr_papers.dita' — table 2 row has 3 entries but cols=4
2026-09-28 05:01:42,832 [WARNING] utils.structure_validator: [StructureValidator] WARNING [table_missing_title]: 'loading_paper/compatible_metr_papers.dita' — <table> #1 has no <title> element — required for accessibility and DITA compliance
2026-09-28 05:01:42,832 [WARNING] utils.structure_validator: [StructureValidator] WARNING [table_missing_title]: 'loading_paper/compatible_metr_papers.dita' — <table> #2 has no <title> element — required for accessibility and DITA compliance
2026-09-28 05:01:42,832 [WARNING] utils.structure_validator: [StructureValidator] WARNING [missing_shortdesc]: 'loading_paper/compatible_metr_papers.dita' — <shortdesc> element is missing — required for search previews and navigation
2026-09-28 05:01:42,833 [WARNING] utils.structure_validator: [StructureValidator] WARNING [missing_shortdesc]: 'loading_paper/selecting_the_paper_settings_control_panel.dita' — <shortdesc> element is missing — required for search previews and navigation
2026-09-28 05:01:42,834 [WARNING] utils.structure_validator: [StructureValidator] WARNING [section_missing_title]: 'copying/copying_options.dita' — <section> #1 has no <title> — recommended for DITA compliance
2026-09-28 05:01:42,834 [WARNING] utils.structure_validator: [StructureValidator] WARNING [table_col_mismatch]: 'copying/copying_options.dita' — table 1 row has 2 entries but cols=3
2026-09-28 05:01:42,834 [WARNING] utils.structure_validator: [StructureValidator] WARNING [table_col_mismatch]: 'copying/copying_options.dita' — table 1 row has 2 entries but cols=3
2026-09-28 05:01:42,834 [WARNING] utils.structure_validator: [StructureValidator] WARNING [table_col_mismatch]: 'copying/copying_options.dita' — table 1 row has 2 entries but cols=3
2026-09-28 05:01:42,834 [WARNING] utils.structure_validator: [StructureValidator] WARNING [table_col_mismatch]: 'copying/copying_options.dita' — table 1 row has 1 entries but cols=3
2026-09-28 05:01:42,834 [WARNING] utils.structure_validator: [StructureValidator] WARNING [table_col_mismatch]: 'copying/copying_options.dita' — table 1 row has 1 entries but cols=3
2026-09-28 05:01:42,834 [WARNING] utils.structure_validator: [StructureValidator] WARNING [table_col_mismatch]: 'copying/copying_options.dita' — table 1 row has 1 entries but cols=3
2026-09-28 05:01:42,834 [WARNING] utils.structure_validator: [StructureValidator] WARNING [table_col_mismatch]: 'copying/copying_options.dita' — table 1 row has 1 entries but cols=3
2026-09-28 05:01:42,834 [WARNING] utils.structure_validator: [StructureValidator] WARNING [table_col_mismatch]: 'copying/copying_options.dita' — table 1 row has 1 entries but cols=3
2026-09-28 05:01:42,834 [WARNING] utils.structure_validator: [StructureValidator] WARNING [table_missing_title]: 'copying/copying_options.dita' — <table> #1 has no <title> element — required for accessibility and DITA compliance
2026-09-28 05:01:42,834 [WARNING] utils.structure_validator: [StructureValidator] WARNING [missing_shortdesc]: 'copying/copying_options.dita' — <shortdesc> element is missing — required for search previews and navigation
2026-09-28 05:01:42,835 [WARNING] utils.structure_validator: [StructureValidator] WARNING [missing_shortdesc]: 'copying/copying.dita' — <shortdesc> element is missing — required for search previews and navigation
2026-09-28 05:01:42,836 [WARNING] utils.structure_validator: [StructureValidator] WARNING [missing_shortdesc]: 'copying/copying_documents_or_photos.dita' — <shortdesc> element is missing — required for search previews and navigation
2026-09-28 05:01:42,836 [WARNING] utils.structure_validator: [StructureValidator] WARNING [missing_shortdesc]: 'adjusting_print_quality/print_head_maintenance.dita' — <shortdesc> element is missing — required for search previews and navigation
2026-09-28 05:01:42,836 [WARNING] utils.structure_validator: [StructureValidator] WARNING [missing_shortdesc]: 'adjusting_print_quality/power_cleaning.dita' — <shortdesc> element is missing — required for search previews and navigation
2026-09-28 05:01:42,837 [WARNING] utils.structure_validator: [StructureValidator] WARNING [missing_shortdesc]: 'adjusting_print_quality/aligning_the_print_head_using_the_product_control_panel.dita' — <shortdesc> element is missing — required for search previews and navigation
2026-09-28 05:01:42,838 [WARNING] utils.structure_validator: [StructureValidator] WARNING [missing_shortdesc]: 'adjusting_print_quality/checking_the_sheet_counter_mac.dita' — <shortdesc> element is missing — required for search previews and navigation
2026-09-28 05:01:42,838 [WARNING] utils.structure_validator: [StructureValidator] WARNING [missing_shortdesc]: 'adjusting_print_quality/power_cleaning_using_the_product_control_panel.dita' — <shortdesc> element is missing — required for search previews and navigation
2026-09-28 05:01:42,839 [WARNING] utils.structure_validator: [StructureValidator] WARNING [missing_shortdesc]: 'adjusting_print_quality/print_head_cleaning.dita' — <shortdesc> element is missing — required for search previews and navigation
2026-09-28 05:01:42,839 [WARNING] utils.structure_validator: [StructureValidator] WARNING [missing_shortdesc]: 'adjusting_print_quality/power_cleaning_using_a_computer_utility.dita' — <shortdesc> element is missing — required for search previews and navigation
2026-09-28 05:01:42,840 [WARNING] utils.structure_validator: [StructureValidator] WARNING [missing_shortdesc]: 'adjusting_print_quality/checking_the_nozzles_using_the_product_control_panel.dita' — <shortdesc> element is missing — required for search previews and navigation
2026-09-28 05:01:42,846 [WARNING] utils.structure_validator: [StructureValidator] WARNING [missing_shortdesc]: 'adjusting_print_quality/cleaning_the_print_head_using_a_computer_utility.dita' — <shortdesc> element is missing — required for search previews and navigation
2026-09-28 05:01:42,847 [WARNING] utils.structure_validator: [StructureValidator] WARNING [missing_shortdesc]: 'adjusting_print_quality/checking_the_number_of_sheets_fed.dita' — <shortdesc> element is missing — required for search previews and navigation
2026-09-28 05:01:42,850 [WARNING] utils.structure_validator: [StructureValidator] WARNING [step_empty_cmd]: 'adjusting_print_quality/checking_the_nozzles_using_a_computer_utility.dita' — step 7 has an empty <cmd> element
2026-09-28 05:01:42,850 [WARNING] utils.structure_validator: [StructureValidator] WARNING [missing_shortdesc]: 'adjusting_print_quality/checking_the_nozzles_using_a_computer_utility.dita' — <shortdesc> element is missing — required for search previews and navigation
2026-09-28 05:01:42,851 [WARNING] utils.structure_validator: [StructureValidator] WARNING [missing_shortdesc]: 'adjusting_print_quality/print_head_alignment.dita' — <shortdesc> element is missing — required for search previews and navigation
2026-09-28 05:01:42,851 [WARNING] utils.structure_validator: [StructureValidator] WARNING [missing_shortdesc]: 'adjusting_print_quality/checking_the_number_of_sheets_on_the_lcd_screen.dita' — <shortdesc> element is missing — required for search previews and navigation
2026-09-28 05:01:42,852 [WARNING] utils.structure_validator: [StructureValidator] WARNING [missing_shortdesc]: 'adjusting_print_quality/cleaning_the_print_head_path.dita' — <shortdesc> element is missing — required for search previews and navigation
2026-09-28 05:01:42,853 [WARNING] utils.structure_validator: [StructureValidator] WARNING [missing_shortdesc]: 'adjusting_print_quality/adjusting_print_quality.dita' — <shortdesc> element is missing — required for search previews and navigation
2026-09-28 05:01:42,853 [WARNING] utils.structure_validator: [StructureValidator] WARNING [missing_shortdesc]: 'adjusting_print_quality/checking_the_sheet_counter_windows.dita' — <shortdesc> element is missing — required for search previews and navigation
2026-09-28 05:01:42,857 [WARNING] utils.structure_validator: [StructureValidator] WARNING [step_empty_cmd]: 'adjusting_print_quality/cleaning_the_print_head_using_the_product_control_panel.dita' — step 7 has an empty <cmd> element
2026-09-28 05:01:42,857 [WARNING] utils.structure_validator: [StructureValidator] WARNING [missing_shortdesc]: 'adjusting_print_quality/cleaning_the_print_head_using_the_product_control_panel.dita' — <shortdesc> element is missing — required for search previews and navigation
2026-09-28 05:01:42,858 [WARNING] utils.structure_validator: [StructureValidator] WARNING [missing_shortdesc]: 'adjusting_print_quality/print_head_nozzle_check.dita' — <shortdesc> element is missing — required for search previews and navigation
2026-09-28 05:01:42,858 [WARNING] utils.structure_validator: [StructureValidator] WARNING [missing_shortdesc]: 'adjusting_print_quality/cleaning_the_paper_guide.dita' — <shortdesc> element is missing — required for search previews and navigation
2026-09-28 05:01:42,859 [WARNING] utils.structure_validator: [StructureValidator] WARNING [missing_shortdesc]: 'refilling_ink/ink_safety_precautions.dita' — <shortdesc> element is missing — required for search previews and navigation
2026-09-28 05:01:42,860 [WARNING] utils.structure_validator: [StructureValidator] WARNING [step_empty_cmd]: 'refilling_ink/checking_ink_levels_windows.dita' — step 1 has an empty <cmd> element
2026-09-28 05:01:42,860 [WARNING] utils.structure_validator: [StructureValidator] WARNING [missing_shortdesc]: 'refilling_ink/checking_ink_levels_windows.dita' — <shortdesc> element is missing — required for search previews and navigation
2026-09-28 05:01:42,860 [WARNING] utils.structure_validator: [StructureValidator] WARNING [missing_shortdesc]: 'refilling_ink/disabling_special_offers_with_windows.dita' — <shortdesc> element is missing — required for search previews and navigation
2026-09-28 05:01:42,861 [WARNING] utils.structure_validator: [StructureValidator] WARNING [missing_shortdesc]: 'refilling_ink/checking_ink_levels_on_your_product.dita' — <shortdesc> element is missing — required for search previews and navigation
2026-09-28 05:01:42,862 [WARNING] utils.structure_validator: [StructureValidator] WARNING [missing_shortdesc]: 'refilling_ink/refilling_the_ink_tanks.dita' — <shortdesc> element is missing — required for search previews and navigation
2026-09-28 05:01:42,862 [WARNING] utils.structure_validator: [StructureValidator] WARNING [missing_shortdesc]: 'refilling_ink/checking_ink_levels_mac.dita' — <shortdesc> element is missing — required for search previews and navigation
2026-09-28 05:01:42,863 [WARNING] utils.structure_validator: [StructureValidator] WARNING [missing_shortdesc]: 'refilling_ink/check_ink_levels.dita' — <shortdesc> element is missing — required for search previews and navigation
2026-09-28 05:01:42,863 [WARNING] utils.structure_validator: [StructureValidator] WARNING [section_missing_title]: 'refilling_ink/ink_bottle_part_numbers.dita' — <section> #1 has no <title> — recommended for DITA compliance
2026-09-28 05:01:42,863 [WARNING] utils.structure_validator: [StructureValidator] WARNING [table_missing_title]: 'refilling_ink/ink_bottle_part_numbers.dita' — <table> #1 has no <title> element — required for accessibility and DITA compliance
2026-09-28 05:01:42,863 [WARNING] utils.structure_validator: [StructureValidator] WARNING [missing_shortdesc]: 'refilling_ink/ink_bottle_part_numbers.dita' — <shortdesc> element is missing — required for search previews and navigation
2026-09-28 05:01:42,864 [WARNING] utils.structure_validator: [StructureValidator] WARNING [missing_shortdesc]: 'refilling_ink/purchase_metr_ink.dita' — <shortdesc> element is missing — required for search previews and navigation
2026-09-28 05:01:42,864 [WARNING] utils.structure_validator: [StructureValidator] WARNING [missing_shortdesc]: 'refilling_ink/refilling_ink.dita' — <shortdesc> element is missing — required for search previews and navigation
2026-09-28 05:01:42,865 [WARNING] utils.structure_validator: [StructureValidator] WARNING [missing_shortdesc]: 'placing_originals_on_the_product/placing_originals_on_the_scanner_glass.dita' — <shortdesc> element is missing — required for search previews and navigation
2026-09-28 05:01:42,866 [WARNING] utils.structure_validator: [StructureValidator] WARNING [missing_shortdesc]: 'placing_originals_on_the_product/placing_originals_on_the_product.dita' — <shortdesc> element is missing — required for search previews and navigation
2026-09-28 05:01:42,867 [INFO] utils.structure_validator: [StructureValidator] Complete — CRITICAL=0, WARNING=119 | dita_files=63, broken_xml=0, empty=0, broken_dita_refs=0, broken_maprefs=0, orphans=0, duplicate_ids=0, broken_xrefs=0, filename_spaces=0
2026-09-28 05:01:42,867 [INFO] pipeline.enrich_runner: [EnrichPipeline] Validation done — CRITICAL=0, WARNING=119 | broken_xml=0, empty=0, broken_refs=0, orphans=0
2026-09-28 05:01:42,867 [INFO] pipeline.enrich_runner: [EnrichPipeline] ── Safe Fixer: Zone 1 auto-fixes ──
2026-09-28 05:01:42,873 [INFO] utils.dita_safe_fixer: [SafeFixer] Complete — 0 fix(es) applied, 0 write failure(s)
2026-09-28 05:01:42,873 [INFO] pipeline.enrich_runner: [EnrichPipeline] Safe fixes applied=0, write_failures=0
2026-09-28 05:01:43,233 [INFO] httpx2: HTTP Request: POST https://api.anthropic.com/v1/messages "HTTP/1.1 401 Unauthorized"
2026-09-28 05:01:43,287 [WARNING] pipeline.enrich_runner: [EnrichPipeline] ANTHROPIC_API_KEY is invalid or expired — heuristic fallbacks will be used.
2026-09-28 05:01:43,291 [INFO] pipeline.enrich_runner: [EnrichPipeline] ── Extracting document context from DITA files ──
2026-09-28 05:01:43,301 [INFO] utils.document_context_extractor: [DocContext] extract_context_from_dita — 63 files found, stem='product_basics_map'
2026-09-28 05:01:43,301 [INFO] utils.document_context_extractor: [DocContext] Extracting document-level context from: product_basics_map.ditamap
2026-09-28 05:01:43,302 [INFO] utils.document_context_extractor: [DocContext] Aggregated content from 63 files
2026-09-28 05:01:43,561 [INFO] httpx2: HTTP Request: POST https://api.anthropic.com/v1/messages "HTTP/1.1 401 Unauthorized"
2026-09-28 05:01:43,562 [WARNING] utils.document_context_extractor: [DocContext] AI extraction failed: Error code: 401 - {'type': 'error', 'error': {'type': 'authentication_error', 'message': 'API key is invalid.'}, 'request_id': None}
2026-09-28 05:01:43,562 [INFO] utils.document_context_extractor: [DocContext] AI confidence low (0.00), using heuristic for task_type only
2026-09-28 05:01:43,564 [INFO] utils.document_context_extractor: [DocContext] Skipping 'Product Control Panel' — likely a person name (100% of occurrences adjacent to role-indicator words)
2026-09-28 05:01:43,565 [INFO] utils.document_context_extractor: [DocContext] Skipping 'Print Head Using' — likely a person name (100% of occurrences adjacent to role-indicator words)
2026-09-28 05:01:43,565 [INFO] utils.document_context_extractor: [DocContext] Skipping 'Computer Utility You' — likely a person name (100% of occurrences adjacent to role-indicator words)
2026-09-28 05:01:43,565 [INFO] utils.document_context_extractor: [DocContext] Skipping 'Select No' — likely a person name (67% of occurrences adjacent to role-indicator words)
2026-09-28 05:01:43,565 [INFO] utils.document_context_extractor: [DocContext] Skipping 'Nozzles Using' — likely a person name (100% of occurrences adjacent to role-indicator words)
2026-09-28 05:01:43,565 [INFO] utils.document_context_extractor: [DocContext] Skipping 'Select Print Head' — likely a person name (100% of occurrences adjacent to role-indicator words)
2026-09-28 05:01:43,565 [INFO] utils.document_context_extractor: [DocContext] Skipping 'Power Cleaning Using' — likely a person name (100% of occurrences adjacent to role-indicator words)
2026-09-28 05:01:43,566 [INFO] utils.document_context_extractor: [DocContext] Skipping 'Run Print Head' — likely a person name (100% of occurrences adjacent to role-indicator words)
2026-09-28 05:01:43,566 [INFO] utils.document_context_extractor: [DocContext] Heuristic task_type: 'maintenance procedures'
2026-09-28 05:01:43,566 [INFO] utils.document_context_extractor: [DocContext] Final context: {'prodname': 'product_basics_map', 'prodname_confirmed': False, 'equipment_name': '', 'task_type': 'maintenance procedures', 'document_keywords': ['maintenance procedures'], 'extraction_method': 'heuristic', 'confidence': 0.0}
2026-09-28 05:01:43,566 [INFO] pipeline.enrich_runner: [EnrichPipeline] prodname 'product_basics_map' is AI-inferred — clearing so DITA gets empty <prodname>
2026-09-28 05:01:43,566 [INFO] pipeline.enrich_runner: [EnrichPipeline] Context — prodname='', equipment='', task_type='maintenance procedures', method=heuristic, confidence=0.00
2026-09-28 05:01:43,567 [INFO] utils.core_log_parser: [CoreLogParser] Parsed postflight.log — 63 DITA files, root=printer_user_s_guide.ditamap
2026-09-28 05:01:43,567 [INFO] pipeline.enrich_runner: [EnrichPipeline] ── Backend Report (postflight.log) ──────────────
2026-09-28 05:01:43,567 [INFO] pipeline.enrich_runner: [BackendReport] [Core Engine] dita_files=63, ditamap_files=8, root_map=printer_user_s_guide.ditamap, images=235
2026-09-28 05:01:43,567 [INFO] pipeline.enrich_runner: [BackendReport] DTD validation: all files passed
2026-09-28 05:01:43,567 [INFO] pipeline.enrich_runner: [EnrichPipeline] ────────────────────────────────────────────────────
2026-09-28 05:01:43,593 [INFO] utils.structural_fixer: [StructuralFix] Loaded task → task.xsl (with 5 pre-process step(s))
2026-09-28 05:01:43,593 [INFO] utils.structural_fixer: [StructuralFix] Loaded concept → concept.xsl (with 5 pre-process step(s))
2026-09-28 05:01:43,593 [INFO] utils.structural_fixer: [StructuralFix] Loaded reference → reference.xsl (with 5 pre-process step(s))
2026-09-28 05:01:43,593 [INFO] utils.structural_fixer: [StructuralFix] Loaded map → map.xsl (with 5 pre-process step(s))
2026-09-28 05:01:43,594 [INFO] utils.structural_fixer: [StructuralFix] Loaded bookmap → bookmap.xsl (with 5 pre-process step(s))
2026-09-28 05:01:43,594 [INFO] utils.structural_fixer: [StructuralFix] Loaded glossentry → glossentry.xsl (with 5 pre-process step(s))
2026-09-28 05:01:43,594 [INFO] utils.structural_fixer: [StructuralFix] Loaded topic → topic.xsl (with 5 pre-process step(s))
2026-09-28 05:01:44,129 [INFO] utils.structural_fixer: [StructuralFix] Done — processed=63, modified=0, unchanged=63, failed=0
2026-09-28 05:01:44,129 [INFO] pipeline.enrich_runner: [EnrichPipeline] ── Layers 1+2+3+4: Classify + Shortdesc + Keywords + Alt Text ──
2026-09-28 05:01:44,151 [INFO] layers.layer1234_enrichment: L1234 › 'Adjusting Print Quality' adjusting_print_quality/adjusting_print_quality.dita
2026-09-28 05:01:44,154 [INFO] layers.layer1234_enrichment: L1234 › 'Aligning the Print Head Using the Product Control Panel' adjusting_print_quality/aligning_the_print_head_using_the_product_control_panel.dita
2026-09-28 05:01:44,159 [INFO] layers.layer1234_enrichment: L1234 › 'Checking the Nozzles Using a Computer Utility' adjusting_print_quality/checking_the_nozzles_using_a_computer_utility.dita
2026-09-28 05:01:44,162 [INFO] layers.layer1234_enrichment: L1234 › 'Checking the Nozzles Using the Product Control Panel' adjusting_print_quality/checking_the_nozzles_using_the_product_control_panel.dita
2026-09-28 05:01:44,165 [INFO] layers.layer1234_enrichment: L1234 › 'Checking the Number of Sheets Fed' adjusting_print_quality/checking_the_number_of_sheets_fed.dita
2026-09-28 05:01:44,167 [INFO] layers.layer1234_enrichment: L1234 › 'Checking the Number of Sheets on the LCD Screen' adjusting_print_quality/checking_the_number_of_sheets_on_the_lcd_screen.dita
2026-09-28 05:01:44,168 [INFO] layers.layer1234_enrichment: L1234 › 'Checking the Sheet Counter - Mac' adjusting_print_quality/checking_the_sheet_counter_mac.dita
2026-09-28 05:01:44,170 [INFO] layers.layer1234_enrichment: L1234 › 'Checking the Sheet Counter - Windows' adjusting_print_quality/checking_the_sheet_counter_windows.dita
2026-09-28 05:01:44,171 [INFO] layers.layer1234_enrichment: L1234 › 'Cleaning the Paper Guide' adjusting_print_quality/cleaning_the_paper_guide.dita
2026-09-28 05:01:44,173 [INFO] layers.layer1234_enrichment: L1234 › 'Cleaning the Print Head Path' adjusting_print_quality/cleaning_the_print_head_path.dita
2026-09-28 05:01:44,176 [INFO] layers.layer1234_enrichment: L1234 › 'Cleaning the Print Head Using a Computer Utility' adjusting_print_quality/cleaning_the_print_head_using_a_computer_utility.dita
2026-09-28 05:01:44,180 [INFO] layers.layer1234_enrichment: L1234 › 'Cleaning the Print Head Using the Product Control Panel' adjusting_print_quality/cleaning_the_print_head_using_the_product_control_panel.dita
2026-09-28 05:01:44,181 [INFO] layers.layer1234_enrichment: L1234 › 'Power Cleaning' adjusting_print_quality/power_cleaning.dita
2026-09-28 05:01:44,183 [INFO] layers.layer1234_enrichment: L1234 › 'Power Cleaning Using a Computer Utility' adjusting_print_quality/power_cleaning_using_a_computer_utility.dita
2026-09-28 05:01:44,184 [INFO] layers.layer1234_enrichment: L1234 › 'Power Cleaning Using the Product Control Panel' adjusting_print_quality/power_cleaning_using_the_product_control_panel.dita
2026-09-28 05:01:44,185 [INFO] layers.layer1234_enrichment: L1234 › 'Print Head Alignment' adjusting_print_quality/print_head_alignment.dita
2026-09-28 05:01:44,186 [INFO] layers.layer1234_enrichment: L1234 › 'Print Head Cleaning' adjusting_print_quality/print_head_cleaning.dita
2026-09-28 05:01:44,187 [INFO] layers.layer1234_enrichment: L1234 › 'Print Head Maintenance' adjusting_print_quality/print_head_maintenance.dita
2026-09-28 05:01:44,188 [INFO] layers.layer1234_enrichment: L1234 › 'Print Head Nozzle Check' adjusting_print_quality/print_head_nozzle_check.dita
2026-09-28 05:01:44,189 [INFO] layers.layer1234_enrichment: L1234 › 'Cleaning and Transporting Your Product' cleaning_and_transporting_your_product/cleaning_and_transporting_your_product.dita
2026-09-28 05:01:44,190 [INFO] layers.layer1234_enrichment: L1234 › 'Cleaning Your Product' cleaning_and_transporting_your_product/cleaning_your_product.dita
2026-09-28 05:01:44,191 [INFO] layers.layer1234_enrichment: L1234 › 'Copyright Notice' cleaning_and_transporting_your_product/copyright_notice.dita
2026-09-28 05:01:44,194 [INFO] layers.layer1234_enrichment: L1234 › 'Transporting Your Product' cleaning_and_transporting_your_product/transporting_your_product.dita
2026-09-28 05:01:44,194 [INFO] layers.layer1234_enrichment: L1234 › 'Copying' copying/copying.dita
2026-09-28 05:01:44,196 [INFO] layers.layer1234_enrichment: L1234 › 'Copying Documents or Photos' copying/copying_documents_or_photos.dita
2026-09-28 05:01:44,199 [INFO] layers.layer1234_enrichment: L1234 › 'Copying Options' copying/copying_options.dita
2026-09-28 05:01:44,200 [INFO] layers.layer1234_enrichment: L1234 › 'Borderless Paper Type Compatibility' loading_paper/borderless_paper_type_compatibility.dita
2026-09-28 05:01:44,202 [INFO] layers.layer1234_enrichment: L1234 › 'Compatible MetR Papers' loading_paper/compatible_metr_papers.dita
2026-09-28 05:01:44,203 [INFO] layers.layer1234_enrichment: L1234 › 'Double-sided Printing Capacity' loading_paper/double_sided_printing_capacity.dita
2026-09-28 05:01:44,204 [INFO] layers.layer1234_enrichment: L1234 › 'Loading Paper' loading_paper/loading_paper.dita
2026-09-28 05:01:44,207 [INFO] layers.layer1234_enrichment: L1234 › 'Loading Paper in the Rear Paper Feeder' loading_paper/loading_paper_in_the_rear_paper_feeder.dita
2026-09-28 05:01:44,209 [INFO] layers.layer1234_enrichment: L1234 › 'Paper Loading Capacity' loading_paper/paper_loading_capacity.dita
2026-09-28 05:01:44,210 [INFO] layers.layer1234_enrichment: L1234 › 'Paper or Media Type Settings - Control Panel' loading_paper/paper_or_media_type_settings_control_panel.dita
2026-09-28 05:01:44,211 [INFO] layers.layer1234_enrichment: L1234 › 'Paper or Media Type Settings - Printing Software' loading_paper/paper_or_media_type_settings_printing_software.dita
2026-09-28 05:01:44,213 [INFO] layers.layer1234_enrichment: L1234 › 'Paper Source Settings Options' loading_paper/paper_source_settings_options.dita
2026-09-28 05:01:44,214 [INFO] layers.layer1234_enrichment: L1234 › 'Selecting the Default Paper Source Settings' loading_paper/selecting_the_default_paper_source_settings.dita
2026-09-28 05:01:44,215 [INFO] layers.layer1234_enrichment: L1234 › 'Selecting the Paper Settings - Control Panel' loading_paper/selecting_the_paper_settings_control_panel.dita
2026-09-28 05:01:44,216 [INFO] layers.layer1234_enrichment: L1234 › 'Placing Originals on the Product' placing_originals_on_the_product/placing_originals_on_the_product.dita
2026-09-28 05:01:44,218 [INFO] layers.layer1234_enrichment: L1234 › 'Placing Originals on the Scanner Glass' placing_originals_on_the_product/placing_originals_on_the_scanner_glass.dita
2026-09-28 05:01:44,219 [INFO] layers.layer1234_enrichment: L1234 › 'Changing LCD Screen Language' product_basics/changing_lcd_screen_language.dita
2026-09-28 05:01:44,220 [INFO] layers.layer1234_enrichment: L1234 › 'Changing the Power Off Timer Setting from the Control Panel' product_basics/changing_the_power_off_timer_setting_from_the_control_panel.dita
2026-09-28 05:01:44,221 [INFO] layers.layer1234_enrichment: L1234 › 'Changing the Sleep Timer Setting from the Control Panel' product_basics/changing_the_sleep_timer_setting_from_the_control_panel.dita
2026-09-28 05:01:44,223 [INFO] layers.layer1234_enrichment: L1234 › 'Entering Characters on the LCD Screen' product_basics/entering_characters_on_the_lcd_screen.dita
2026-09-28 05:01:44,224 [INFO] layers.layer1234_enrichment: L1234 › 'Product Basics' product_basics/product_basics.dita
2026-09-28 05:01:44,225 [INFO] layers.layer1234_enrichment: L1234 › 'Product Parts - Back' product_basics/product_parts_back.dita
2026-09-28 05:01:44,226 [INFO] layers.layer1234_enrichment: L1234 › 'Product Parts - Front' product_basics/product_parts_front.dita
2026-09-28 05:01:44,227 [INFO] layers.layer1234_enrichment: L1234 › 'Product Parts - Inside' product_basics/product_parts_inside.dita
2026-09-28 05:01:44,228 [INFO] layers.layer1234_enrichment: L1234 › 'Product Parts Locations' product_basics/product_parts_locations.dita
2026-09-28 05:01:44,230 [INFO] layers.layer1234_enrichment: L1234 › 'Status Icon Information' product_basics/status_icon_information.dita
2026-09-28 05:01:44,231 [INFO] layers.layer1234_enrichment: L1234 › 'The LCD Screen' product_basics/the_lcd_screen.dita
2026-09-28 05:01:44,232 [INFO] layers.layer1234_enrichment: L1234 › 'Using Power Saving Settings' product_basics/using_power_saving_settings.dita
2026-09-28 05:01:44,233 [INFO] layers.layer1234_enrichment: L1234 › 'Using the Control Panel' product_basics/using_the_control_panel.dita
2026-09-28 05:01:44,234 [INFO] layers.layer1234_enrichment: L1234 › 'Viewing Animations' product_basics/viewing_animations.dita
2026-09-28 05:01:44,235 [INFO] layers.layer1234_enrichment: L1234 › 'Check Ink Levels' refilling_ink/check_ink_levels.dita
2026-09-28 05:01:44,236 [INFO] layers.layer1234_enrichment: L1234 › 'Checking Ink Levels - Mac' refilling_ink/checking_ink_levels_mac.dita
2026-09-28 05:01:44,237 [INFO] layers.layer1234_enrichment: L1234 › 'Checking Ink Levels on Your Product' refilling_ink/checking_ink_levels_on_your_product.dita
2026-09-28 05:01:44,239 [INFO] layers.layer1234_enrichment: L1234 › 'Checking Ink Levels - Windows' refilling_ink/checking_ink_levels_windows.dita
2026-09-28 05:01:44,240 [INFO] layers.layer1234_enrichment: L1234 › 'Disabling Special Offers with Windows' refilling_ink/disabling_special_offers_with_windows.dita
2026-09-28 05:01:44,241 [INFO] layers.layer1234_enrichment: L1234 › 'Ink Bottle Part Numbers' refilling_ink/ink_bottle_part_numbers.dita
2026-09-28 05:01:44,244 [INFO] layers.layer1234_enrichment: L1234 › 'Ink Safety Precautions' refilling_ink/ink_safety_precautions.dita
2026-09-28 05:01:44,245 [INFO] layers.layer1234_enrichment: L1234 › 'Purchase MetR Ink' refilling_ink/purchase_metr_ink.dita
2026-09-28 05:01:44,246 [INFO] layers.layer1234_enrichment: L1234 › 'Refilling Ink' refilling_ink/refilling_ink.dita
2026-09-28 05:01:44,249 [INFO] layers.layer1234_enrichment: L1234 › 'Refilling the Ink Tanks' refilling_ink/refilling_the_ink_tanks.dita
2026-09-28 05:01:44,499 [INFO] httpx2: HTTP Request: POST https://api.anthropic.com/v1/messages "HTTP/1.1 401 Unauthorized"
2026-09-28 05:01:44,500 [ERROR] layers.layer1234_enrichment: L1234 ✗ error: Error code: 401 - {'type': 'error', 'error': {'type': 'authentication_error', 'message': 'API key is invalid.'}, 'request_id': None}
2026-09-28 05:01:44,500 [WARNING] layers.layer1234_enrichment: L1234 ⊘ fallback 'Adjusting Print Quality'
2026-09-28 05:01:44,503 [INFO] layers.layer1_topic_classifier: L1 ✓ concept→task adjusting_print_quality.dita
2026-09-28 05:01:44,504 [INFO] utils.body_preserver: [BodyPreserver] Successfully merged: DOCTYPE preserved, body preserved, AI enrichment applied
2026-09-28 05:01:44,504 [INFO] layers.layer2_shortdesc_generator: L2 ✓ shortdesc adjusting_print_quality.dita
2026-09-28 05:01:44,506 [INFO] utils.body_preserver: [BodyPreserver] Successfully merged: DOCTYPE preserved, body preserved, AI enrichment applied
2026-09-28 05:01:44,506 [INFO] layers.layer3_keywords_indexterms: L3 ✓ prolog adjusting_print_quality.dita
2026-09-28 05:01:44,507 [INFO] pipeline.enrich_runner: [EnrichPipeline] Enriched 'Adjusting Print Quality' → type=task, confidence=low
2026-09-28 05:01:44,582 [INFO] httpx2: HTTP Request: POST https://api.anthropic.com/v1/messages "HTTP/1.1 401 Unauthorized"
2026-09-28 05:01:44,583 [ERROR] layers.layer1234_enrichment: L1234 ✗ error: Error code: 401 - {'type': 'error', 'error': {'type': 'authentication_error', 'message': 'API key is invalid.'}, 'request_id': None}
2026-09-28 05:01:44,583 [WARNING] layers.layer1234_enrichment: L1234 ⊘ fallback 'Checking the Nozzles Using a Computer Utility'
2026-09-28 05:01:44,585 [INFO] utils.body_preserver: [BodyPreserver] Successfully merged: DOCTYPE preserved, body preserved, AI enrichment applied
2026-09-28 05:01:44,586 [INFO] layers.layer2_shortdesc_generator: L2 ✓ shortdesc checking_the_nozzles_using_a_computer_utility.dita
2026-09-28 05:01:44,588 [INFO] utils.body_preserver: [BodyPreserver] Successfully merged: DOCTYPE preserved, body preserved, AI enrichment applied
2026-09-28 05:01:44,589 [INFO] layers.layer3_keywords_indexterms: L3 ✓ prolog checking_the_nozzles_using_a_computer_utility.dita
2026-09-28 05:01:44,590 [INFO] pipeline.enrich_runner: [EnrichPipeline] Enriched 'Checking the Nozzles Using a Computer Utility' → type=task, confidence=low
2026-09-28 05:01:44,592 [INFO] httpx2: HTTP Request: POST https://api.anthropic.com/v1/messages "HTTP/1.1 401 Unauthorized"
2026-09-28 05:01:44,593 [ERROR] layers.layer1234_enrichment: L1234 ✗ error: Error code: 401 - {'type': 'error', 'error': {'type': 'authentication_error', 'message': 'API key is invalid.'}, 'request_id': None}
2026-09-28 05:01:44,593 [WARNING] layers.layer1234_enrichment: L1234 ⊘ fallback 'Checking the Nozzles Using the Product Control Panel'
2026-09-28 05:01:44,595 [INFO] layers.layer1_topic_classifier: L1 ✓ task→concept checking_the_nozzles_using_the_product_control_panel.dita
2026-09-28 05:01:44,595 [INFO] utils.body_preserver: [BodyPreserver] Successfully merged: DOCTYPE preserved, body preserved, AI enrichment applied
2026-09-28 05:01:44,596 [INFO] layers.layer2_shortdesc_generator: L2 ✓ shortdesc checking_the_nozzles_using_the_product_control_panel.dita
2026-09-28 05:01:44,597 [INFO] utils.body_preserver: [BodyPreserver] Successfully merged: DOCTYPE preserved, body preserved, AI enrichment applied
2026-09-28 05:01:44,598 [INFO] layers.layer3_keywords_indexterms: L3 ✓ prolog checking_the_nozzles_using_the_product_control_panel.dita
2026-09-28 05:01:44,599 [INFO] pipeline.enrich_runner: [EnrichPipeline] Enriched 'Checking the Nozzles Using the Product Control Panel' → type=concept, confidence=low
2026-09-28 05:01:44,599 [INFO] httpx2: HTTP Request: POST https://api.anthropic.com/v1/messages "HTTP/1.1 401 Unauthorized"
2026-09-28 05:01:44,600 [ERROR] layers.layer1234_enrichment: L1234 ✗ error: Error code: 401 - {'type': 'error', 'error': {'type': 'authentication_error', 'message': 'API key is invalid.'}, 'request_id': None}
2026-09-28 05:01:44,600 [WARNING] layers.layer1234_enrichment: L1234 ⊘ fallback 'Checking the Number of Sheets Fed'
2026-09-28 05:01:44,601 [INFO] utils.body_preserver: [BodyPreserver] Successfully merged: DOCTYPE preserved, body preserved, AI enrichment applied
2026-09-28 05:01:44,601 [INFO] layers.layer2_shortdesc_generator: L2 ✓ shortdesc checking_the_number_of_sheets_fed.dita
2026-09-28 05:01:44,603 [INFO] utils.body_preserver: [BodyPreserver] Successfully merged: DOCTYPE preserved, body preserved, AI enrichment applied
2026-09-28 05:01:44,603 [INFO] layers.layer3_keywords_indexterms: L3 ✓ prolog checking_the_number_of_sheets_fed.dita
2026-09-28 05:01:44,604 [INFO] pipeline.enrich_runner: [EnrichPipeline] Enriched 'Checking the Number of Sheets Fed' → type=concept, confidence=low
2026-09-28 05:01:44,608 [INFO] httpx2: HTTP Request: POST https://api.anthropic.com/v1/messages "HTTP/1.1 401 Unauthorized"
2026-09-28 05:01:44,609 [ERROR] layers.layer1234_enrichment: L1234 ✗ error: Error code: 401 - {'type': 'error', 'error': {'type': 'authentication_error', 'message': 'API key is invalid.'}, 'request_id': None}
2026-09-28 05:01:44,609 [WARNING] layers.layer1234_enrichment: L1234 ⊘ fallback 'Aligning the Print Head Using the Product Control Panel'
2026-09-28 05:01:44,610 [INFO] utils.body_preserver: [BodyPreserver] Successfully merged: DOCTYPE preserved, body preserved, AI enrichment applied
2026-09-28 05:01:44,610 [INFO] layers.layer2_shortdesc_generator: L2 ✓ shortdesc aligning_the_print_head_using_the_product_control_panel.dita
2026-09-28 05:01:44,612 [INFO] utils.body_preserver: [BodyPreserver] Successfully merged: DOCTYPE preserved, body preserved, AI enrichment applied
2026-09-28 05:01:44,612 [INFO] layers.layer3_keywords_indexterms: L3 ✓ prolog aligning_the_print_head_using_the_product_control_panel.dita
2026-09-28 05:01:44,613 [INFO] pipeline.enrich_runner: [EnrichPipeline] Enriched 'Aligning the Print Head Using the Product Control Panel' → type=task, confidence=low
2026-09-28 05:01:44,788 [INFO] httpx2: HTTP Request: POST https://api.anthropic.com/v1/messages "HTTP/1.1 401 Unauthorized"
2026-09-28 05:01:44,789 [ERROR] layers.layer1234_enrichment: L1234 ✗ error: Error code: 401 - {'type': 'error', 'error': {'type': 'authentication_error', 'message': 'API key is invalid.'}, 'request_id': None}
2026-09-28 05:01:44,789 [WARNING] layers.layer1234_enrichment: L1234 ⊘ fallback 'Checking the Number of Sheets on the LCD Screen'
2026-09-28 05:01:44,790 [INFO] utils.body_preserver: [BodyPreserver] Successfully merged: DOCTYPE preserved, body preserved, AI enrichment applied
2026-09-28 05:01:44,790 [INFO] layers.layer2_shortdesc_generator: L2 ✓ shortdesc checking_the_number_of_sheets_on_the_lcd_screen.dita
2026-09-28 05:01:44,792 [INFO] utils.body_preserver: [BodyPreserver] Successfully merged: DOCTYPE preserved, body preserved, AI enrichment applied
2026-09-28 05:01:44,792 [INFO] layers.layer3_keywords_indexterms: L3 ✓ prolog checking_the_number_of_sheets_on_the_lcd_screen.dita
2026-09-28 05:01:44,793 [INFO] pipeline.enrich_runner: [EnrichPipeline] Enriched 'Checking the Number of Sheets on the LCD Screen' → type=task, confidence=low
2026-09-28 05:01:44,875 [INFO] httpx2: HTTP Request: POST https://api.anthropic.com/v1/messages "HTTP/1.1 401 Unauthorized"
2026-09-28 05:01:44,875 [ERROR] layers.layer1234_enrichment: L1234 ✗ error: Error code: 401 - {'type': 'error', 'error': {'type': 'authentication_error', 'message': 'API key is invalid.'}, 'request_id': None}
2026-09-28 05:01:44,876 [WARNING] layers.layer1234_enrichment: L1234 ⊘ fallback 'Checking the Sheet Counter - Mac'
2026-09-28 05:01:44,877 [INFO] utils.body_preserver: [BodyPreserver] Successfully merged: DOCTYPE preserved, body preserved, AI enrichment applied
2026-09-28 05:01:44,877 [INFO] layers.layer2_shortdesc_generator: L2 ✓ shortdesc checking_the_sheet_counter_mac.dita
2026-09-28 05:01:44,879 [INFO] utils.body_preserver: [BodyPreserver] Successfully merged: DOCTYPE preserved, body preserved, AI enrichment applied
2026-09-28 05:01:44,879 [INFO] layers.layer3_keywords_indexterms: L3 ✓ prolog checking_the_sheet_counter_mac.dita
2026-09-28 05:01:44,880 [INFO] pipeline.enrich_runner: [EnrichPipeline] Enriched 'Checking the Sheet Counter - Mac' → type=task, confidence=low
2026-09-28 05:01:44,885 [INFO] httpx2: HTTP Request: POST https://api.anthropic.com/v1/messages "HTTP/1.1 401 Unauthorized"
2026-09-28 05:01:44,886 [ERROR] layers.layer1234_enrichment: L1234 ✗ error: Error code: 401 - {'type': 'error', 'error': {'type': 'authentication_error', 'message': 'API key is invalid.'}, 'request_id': None}
2026-09-28 05:01:44,886 [WARNING] layers.layer1234_enrichment: L1234 ⊘ fallback 'Cleaning the Paper Guide'
2026-09-28 05:01:44,887 [INFO] utils.body_preserver: [BodyPreserver] Successfully merged: DOCTYPE preserved, body preserved, AI enrichment applied
2026-09-28 05:01:44,888 [INFO] layers.layer2_shortdesc_generator: L2 ✓ shortdesc cleaning_the_paper_guide.dita
2026-09-28 05:01:44,889 [INFO] utils.body_preserver: [BodyPreserver] Successfully merged: DOCTYPE preserved, body preserved, AI enrichment applied
2026-09-28 05:01:44,890 [INFO] layers.layer3_keywords_indexterms: L3 ✓ prolog cleaning_the_paper_guide.dita
2026-09-28 05:01:44,891 [INFO] pipeline.enrich_runner: [EnrichPipeline] Enriched 'Cleaning the Paper Guide' → type=task, confidence=low
2026-09-28 05:01:44,893 [INFO] httpx2: HTTP Request: POST https://api.anthropic.com/v1/messages "HTTP/1.1 401 Unauthorized"
2026-09-28 05:01:44,893 [ERROR] layers.layer1234_enrichment: L1234 ✗ error: Error code: 401 - {'type': 'error', 'error': {'type': 'authentication_error', 'message': 'API key is invalid.'}, 'request_id': None}
2026-09-28 05:01:44,893 [WARNING] layers.layer1234_enrichment: L1234 ⊘ fallback 'Checking the Sheet Counter - Windows'
2026-09-28 05:01:44,894 [INFO] utils.body_preserver: [BodyPreserver] Successfully merged: DOCTYPE preserved, body preserved, AI enrichment applied
2026-09-28 05:01:44,895 [INFO] layers.layer2_shortdesc_generator: L2 ✓ shortdesc checking_the_sheet_counter_windows.dita
2026-09-28 05:01:44,896 [INFO] utils.body_preserver: [BodyPreserver] Successfully merged: DOCTYPE preserved, body preserved, AI enrichment applied
2026-09-28 05:01:44,897 [INFO] layers.layer3_keywords_indexterms: L3 ✓ prolog checking_the_sheet_counter_windows.dita
2026-09-28 05:01:44,898 [INFO] pipeline.enrich_runner: [EnrichPipeline] Enriched 'Checking the Sheet Counter - Windows' → type=task, confidence=low
2026-09-28 05:01:44,898 [INFO] httpx2: HTTP Request: POST https://api.anthropic.com/v1/messages "HTTP/1.1 401 Unauthorized"
2026-09-28 05:01:44,899 [ERROR] layers.layer1234_enrichment: L1234 ✗ error: Error code: 401 - {'type': 'error', 'error': {'type': 'authentication_error', 'message': 'API key is invalid.'}, 'request_id': None}
2026-09-28 05:01:44,899 [WARNING] layers.layer1234_enrichment: L1234 ⊘ fallback 'Cleaning the Print Head Path'
2026-09-28 05:01:44,900 [INFO] utils.body_preserver: [BodyPreserver] Successfully merged: DOCTYPE preserved, body preserved, AI enrichment applied
2026-09-28 05:01:44,901 [INFO] layers.layer2_shortdesc_generator: L2 ✓ shortdesc cleaning_the_print_head_path.dita
2026-09-28 05:01:44,902 [INFO] utils.body_preserver: [BodyPreserver] Successfully merged: DOCTYPE preserved, body preserved, AI enrichment applied
2026-09-28 05:01:44,903 [INFO] layers.layer3_keywords_indexterms: L3 ✓ prolog cleaning_the_print_head_path.dita
2026-09-28 05:01:44,904 [INFO] pipeline.enrich_runner: [EnrichPipeline] Enriched 'Cleaning the Print Head Path' → type=task, confidence=low
2026-09-28 05:01:45,046 [INFO] httpx2: HTTP Request: POST https://api.anthropic.com/v1/messages "HTTP/1.1 401 Unauthorized"
2026-09-28 05:01:45,047 [ERROR] layers.layer1234_enrichment: L1234 ✗ error: Error code: 401 - {'type': 'error', 'error': {'type': 'authentication_error', 'message': 'API key is invalid.'}, 'request_id': None}
2026-09-28 05:01:45,047 [WARNING] layers.layer1234_enrichment: L1234 ⊘ fallback 'Cleaning the Print Head Using a Computer Utility'
2026-09-28 05:01:45,049 [INFO] utils.body_preserver: [BodyPreserver] Successfully merged: DOCTYPE preserved, body preserved, AI enrichment applied
2026-09-28 05:01:45,050 [INFO] layers.layer2_shortdesc_generator: L2 ✓ shortdesc cleaning_the_print_head_using_a_computer_utility.dita
2026-09-28 05:01:45,052 [INFO] utils.body_preserver: [BodyPreserver] Successfully merged: DOCTYPE preserved, body preserved, AI enrichment applied
2026-09-28 05:01:45,053 [INFO] layers.layer3_keywords_indexterms: L3 ✓ prolog cleaning_the_print_head_using_a_computer_utility.dita
2026-09-28 05:01:45,055 [INFO] pipeline.enrich_runner: [EnrichPipeline] Enriched 'Cleaning the Print Head Using a Computer Utility' → type=task, confidence=low
2026-09-28 05:01:45,145 [INFO] httpx2: HTTP Request: POST https://api.anthropic.com/v1/messages "HTTP/1.1 401 Unauthorized"
2026-09-28 05:01:45,146 [ERROR] layers.layer1234_enrichment: L1234 ✗ error: Error code: 401 - {'type': 'error', 'error': {'type': 'authentication_error', 'message': 'API key is invalid.'}, 'request_id': None}
2026-09-28 05:01:45,148 [WARNING] layers.layer1234_enrichment: L1234 ⊘ fallback 'Cleaning the Print Head Using the Product Control Panel'
2026-09-28 05:01:45,150 [INFO] utils.body_preserver: [BodyPreserver] Successfully merged: DOCTYPE preserved, body preserved, AI enrichment applied
2026-09-28 05:01:45,151 [INFO] layers.layer2_shortdesc_generator: L2 ✓ shortdesc cleaning_the_print_head_using_the_product_control_panel.dita
2026-09-28 05:01:45,153 [INFO] utils.body_preserver: [BodyPreserver] Successfully merged: DOCTYPE preserved, body preserved, AI enrichment applied
2026-09-28 05:01:45,153 [INFO] layers.layer3_keywords_indexterms: L3 ✓ prolog cleaning_the_print_head_using_the_product_control_panel.dita
2026-09-28 05:01:45,155 [INFO] pipeline.enrich_runner: [EnrichPipeline] Enriched 'Cleaning the Print Head Using the Product Control Panel' → type=task, confidence=low
2026-09-28 05:01:45,174 [INFO] httpx2: HTTP Request: POST https://api.anthropic.com/v1/messages "HTTP/1.1 401 Unauthorized"
2026-09-28 05:01:45,174 [ERROR] layers.layer1234_enrichment: L1234 ✗ error: Error code: 401 - {'type': 'error', 'error': {'type': 'authentication_error', 'message': 'API key is invalid.'}, 'request_id': None}
2026-09-28 05:01:45,175 [WARNING] layers.layer1234_enrichment: L1234 ⊘ fallback 'Power Cleaning Using a Computer Utility'
2026-09-28 05:01:45,176 [INFO] utils.body_preserver: [BodyPreserver] Successfully merged: DOCTYPE preserved, body preserved, AI enrichment applied
2026-09-28 05:01:45,176 [INFO] layers.layer2_shortdesc_generator: L2 ✓ shortdesc power_cleaning_using_a_computer_utility.dita
2026-09-28 05:01:45,178 [INFO] utils.body_preserver: [BodyPreserver] Successfully merged: DOCTYPE preserved, body preserved, AI enrichment applied
2026-09-28 05:01:45,178 [INFO] layers.layer3_keywords_indexterms: L3 ✓ prolog power_cleaning_using_a_computer_utility.dita
2026-09-28 05:01:45,180 [INFO] pipeline.enrich_runner: [EnrichPipeline] Enriched 'Power Cleaning Using a Computer Utility' → type=task, confidence=low
2026-09-28 05:01:45,192 [INFO] httpx2: HTTP Request: POST https://api.anthropic.com/v1/messages "HTTP/1.1 401 Unauthorized"
2026-09-28 05:01:45,193 [ERROR] layers.layer1234_enrichment: L1234 ✗ error: Error code: 401 - {'type': 'error', 'error': {'type': 'authentication_error', 'message': 'API key is invalid.'}, 'request_id': None}
2026-09-28 05:01:45,193 [WARNING] layers.layer1234_enrichment: L1234 ⊘ fallback 'Power Cleaning'
2026-09-28 05:01:45,194 [INFO] layers.layer1_topic_classifier: L1 ✓ concept→task power_cleaning.dita
2026-09-28 05:01:45,195 [INFO] utils.body_preserver: [BodyPreserver] Successfully merged: DOCTYPE preserved, body preserved, AI enrichment applied
2026-09-28 05:01:45,195 [INFO] layers.layer2_shortdesc_generator: L2 ✓ shortdesc power_cleaning.dita
2026-09-28 05:01:45,196 [INFO] utils.body_preserver: [BodyPreserver] Successfully merged: DOCTYPE preserved, body preserved, AI enrichment applied
2026-09-28 05:01:45,197 [INFO] layers.layer3_keywords_indexterms: L3 ✓ prolog power_cleaning.dita
2026-09-28 05:01:45,198 [INFO] pipeline.enrich_runner: [EnrichPipeline] Enriched 'Power Cleaning' → type=task, confidence=low
2026-09-28 05:01:45,200 [INFO] httpx2: HTTP Request: POST https://api.anthropic.com/v1/messages "HTTP/1.1 401 Unauthorized"
2026-09-28 05:01:45,200 [ERROR] layers.layer1234_enrichment: L1234 ✗ error: Error code: 401 - {'type': 'error', 'error': {'type': 'authentication_error', 'message': 'API key is invalid.'}, 'request_id': None}
2026-09-28 05:01:45,201 [WARNING] layers.layer1234_enrichment: L1234 ⊘ fallback 'Power Cleaning Using the Product Control Panel'
2026-09-28 05:01:45,202 [INFO] utils.body_preserver: [BodyPreserver] Successfully merged: DOCTYPE preserved, body preserved, AI enrichment applied
2026-09-28 05:01:45,202 [INFO] layers.layer2_shortdesc_generator: L2 ✓ shortdesc power_cleaning_using_the_product_control_panel.dita
2026-09-28 05:01:45,204 [INFO] utils.body_preserver: [BodyPreserver] Successfully merged: DOCTYPE preserved, body preserved, AI enrichment applied
2026-09-28 05:01:45,204 [INFO] layers.layer3_keywords_indexterms: L3 ✓ prolog power_cleaning_using_the_product_control_panel.dita
2026-09-28 05:01:45,206 [INFO] pipeline.enrich_runner: [EnrichPipeline] Enriched 'Power Cleaning Using the Product Control Panel' → type=task, confidence=low
2026-09-28 05:01:45,306 [INFO] httpx2: HTTP Request: POST https://api.anthropic.com/v1/messages "HTTP/1.1 401 Unauthorized"
2026-09-28 05:01:45,306 [ERROR] layers.layer1234_enrichment: L1234 ✗ error: Error code: 401 - {'type': 'error', 'error': {'type': 'authentication_error', 'message': 'API key is invalid.'}, 'request_id': None}
2026-09-28 05:01:45,306 [WARNING] layers.layer1234_enrichment: L1234 ⊘ fallback 'Print Head Alignment'
2026-09-28 05:01:45,308 [INFO] layers.layer1_topic_classifier: L1 ✓ concept→topic print_head_alignment.dita
2026-09-28 05:01:45,308 [INFO] utils.body_preserver: [BodyPreserver] Successfully merged: DOCTYPE preserved, body preserved, AI enrichment applied
2026-09-28 05:01:45,308 [INFO] layers.layer2_shortdesc_generator: L2 ✓ shortdesc print_head_alignment.dita
2026-09-28 05:01:45,310 [INFO] utils.body_preserver: [BodyPreserver] Successfully merged: DOCTYPE preserved, body preserved, AI enrichment applied
2026-09-28 05:01:45,310 [INFO] layers.layer3_keywords_indexterms: L3 ✓ prolog print_head_alignment.dita
2026-09-28 05:01:45,311 [INFO] pipeline.enrich_runner: [EnrichPipeline] Enriched 'Print Head Alignment' → type=topic, confidence=low
2026-09-28 05:01:45,436 [INFO] httpx2: HTTP Request: POST https://api.anthropic.com/v1/messages "HTTP/1.1 401 Unauthorized"
2026-09-28 05:01:45,437 [ERROR] layers.layer1234_enrichment: L1234 ✗ error: Error code: 401 - {'type': 'error', 'error': {'type': 'authentication_error', 'message': 'API key is invalid.'}, 'request_id': None}
2026-09-28 05:01:45,437 [WARNING] layers.layer1234_enrichment: L1234 ⊘ fallback 'Print Head Cleaning'
2026-09-28 05:01:45,439 [INFO] utils.body_preserver: [BodyPreserver] Successfully merged: DOCTYPE preserved, body preserved, AI enrichment applied
2026-09-28 05:01:45,439 [INFO] layers.layer2_shortdesc_generator: L2 ✓ shortdesc print_head_cleaning.dita
2026-09-28 05:01:45,440 [INFO] utils.body_preserver: [BodyPreserver] Successfully merged: DOCTYPE preserved, body preserved, AI enrichment applied
2026-09-28 05:01:45,441 [INFO] layers.layer3_keywords_indexterms: L3 ✓ prolog print_head_cleaning.dita
2026-09-28 05:01:45,442 [INFO] pipeline.enrich_runner: [EnrichPipeline] Enriched 'Print Head Cleaning' → type=concept, confidence=low
2026-09-28 05:01:45,468 [INFO] httpx2: HTTP Request: POST https://api.anthropic.com/v1/messages "HTTP/1.1 401 Unauthorized"
2026-09-28 05:01:45,469 [ERROR] layers.layer1234_enrichment: L1234 ✗ error: Error code: 401 - {'type': 'error', 'error': {'type': 'authentication_error', 'message': 'API key is invalid.'}, 'request_id': None}
2026-09-28 05:01:45,469 [WARNING] layers.layer1234_enrichment: L1234 ⊘ fallback 'Print Head Maintenance'
2026-09-28 05:01:45,471 [INFO] layers.layer1_topic_classifier: L1 ✓ concept→task print_head_maintenance.dita
2026-09-28 05:01:45,471 [INFO] utils.body_preserver: [BodyPreserver] Successfully merged: DOCTYPE preserved, body preserved, AI enrichment applied
2026-09-28 05:01:45,472 [INFO] layers.layer2_shortdesc_generator: L2 ✓ shortdesc print_head_maintenance.dita
2026-09-28 05:01:45,473 [INFO] utils.body_preserver: [BodyPreserver] Successfully merged: DOCTYPE preserved, body preserved, AI enrichment applied
2026-09-28 05:01:45,473 [INFO] layers.layer3_keywords_indexterms: L3 ✓ prolog print_head_maintenance.dita
2026-09-28 05:01:45,475 [INFO] pipeline.enrich_runner: [EnrichPipeline] Enriched 'Print Head Maintenance' → type=task, confidence=low
2026-09-28 05:01:45,477 [INFO] httpx2: HTTP Request: POST https://api.anthropic.com/v1/messages "HTTP/1.1 401 Unauthorized"
2026-09-28 05:01:45,477 [ERROR] layers.layer1234_enrichment: L1234 ✗ error: Error code: 401 - {'type': 'error', 'error': {'type': 'authentication_error', 'message': 'API key is invalid.'}, 'request_id': None}
2026-09-28 05:01:45,477 [WARNING] layers.layer1234_enrichment: L1234 ⊘ fallback 'Print Head Nozzle Check'
2026-09-28 05:01:45,478 [INFO] layers.layer1_topic_classifier: L1 ✓ concept→topic print_head_nozzle_check.dita
2026-09-28 05:01:45,479 [INFO] utils.body_preserver: [BodyPreserver] Successfully merged: DOCTYPE preserved, body preserved, AI enrichment applied
2026-09-28 05:01:45,479 [INFO] layers.layer2_shortdesc_generator: L2 ✓ shortdesc print_head_nozzle_check.dita
2026-09-28 05:01:45,480 [INFO] utils.body_preserver: [BodyPreserver] Successfully merged: DOCTYPE preserved, body preserved, AI enrichment applied
2026-09-28 05:01:45,481 [INFO] layers.layer3_keywords_indexterms: L3 ✓ prolog print_head_nozzle_check.dita
2026-09-28 05:01:45,482 [INFO] pipeline.enrich_runner: [EnrichPipeline] Enriched 'Print Head Nozzle Check' → type=topic, confidence=low
2026-09-28 05:01:45,485 [INFO] httpx2: HTTP Request: POST https://api.anthropic.com/v1/messages "HTTP/1.1 401 Unauthorized"
2026-09-28 05:01:45,486 [ERROR] layers.layer1234_enrichment: L1234 ✗ error: Error code: 401 - {'type': 'error', 'error': {'type': 'authentication_error', 'message': 'API key is invalid.'}, 'request_id': None}
2026-09-28 05:01:45,486 [WARNING] layers.layer1234_enrichment: L1234 ⊘ fallback 'Cleaning and Transporting Your Product'
2026-09-28 05:01:45,487 [INFO] layers.layer1_topic_classifier: L1 ✓ concept→topic cleaning_and_transporting_your_product.dita
2026-09-28 05:01:45,487 [INFO] utils.body_preserver: [BodyPreserver] Successfully merged: DOCTYPE preserved, body preserved, AI enrichment applied
2026-09-28 05:01:45,487 [INFO] layers.layer2_shortdesc_generator: L2 ✓ shortdesc cleaning_and_transporting_your_product.dita
2026-09-28 05:01:45,489 [INFO] utils.body_preserver: [BodyPreserver] Successfully merged: DOCTYPE preserved, body preserved, AI enrichment applied
2026-09-28 05:01:45,489 [INFO] layers.layer3_keywords_indexterms: L3 ✓ prolog cleaning_and_transporting_your_product.dita
2026-09-28 05:01:45,490 [INFO] pipeline.enrich_runner: [EnrichPipeline] Enriched 'Cleaning and Transporting Your Product' → type=topic, confidence=low
2026-09-28 05:01:45,563 [INFO] httpx2: HTTP Request: POST https://api.anthropic.com/v1/messages "HTTP/1.1 401 Unauthorized"
2026-09-28 05:01:45,564 [ERROR] layers.layer1234_enrichment: L1234 ✗ error: Error code: 401 - {'type': 'error', 'error': {'type': 'authentication_error', 'message': 'API key is invalid.'}, 'request_id': None}
2026-09-28 05:01:45,564 [WARNING] layers.layer1234_enrichment: L1234 ⊘ fallback 'Cleaning Your Product'
2026-09-28 05:01:45,565 [INFO] utils.body_preserver: [BodyPreserver] Successfully merged: DOCTYPE preserved, body preserved, AI enrichment applied
2026-09-28 05:01:45,566 [INFO] layers.layer2_shortdesc_generator: L2 ✓ shortdesc cleaning_your_product.dita
2026-09-28 05:01:45,567 [INFO] utils.body_preserver: [BodyPreserver] Successfully merged: DOCTYPE preserved, body preserved, AI enrichment applied
2026-09-28 05:01:45,568 [INFO] layers.layer3_keywords_indexterms: L3 ✓ prolog cleaning_your_product.dita
2026-09-28 05:01:45,569 [INFO] pipeline.enrich_runner: [EnrichPipeline] Enriched 'Cleaning Your Product' → type=task, confidence=low
2026-09-28 05:01:45,714 [INFO] httpx2: HTTP Request: POST https://api.anthropic.com/v1/messages "HTTP/1.1 401 Unauthorized"
2026-09-28 05:01:45,715 [ERROR] layers.layer1234_enrichment: L1234 ✗ error: Error code: 401 - {'type': 'error', 'error': {'type': 'authentication_error', 'message': 'API key is invalid.'}, 'request_id': None}
2026-09-28 05:01:45,715 [WARNING] layers.layer1234_enrichment: L1234 ⊘ fallback 'Copyright Notice'
2026-09-28 05:01:45,716 [INFO] utils.body_preserver: [BodyPreserver] Successfully merged: DOCTYPE preserved, body preserved, AI enrichment applied
2026-09-28 05:01:45,716 [INFO] layers.layer2_shortdesc_generator: L2 ✓ shortdesc copyright_notice.dita
2026-09-28 05:01:45,718 [INFO] utils.body_preserver: [BodyPreserver] Successfully merged: DOCTYPE preserved, body preserved, AI enrichment applied
2026-09-28 05:01:45,718 [INFO] layers.layer3_keywords_indexterms: L3 ✓ prolog copyright_notice.dita
2026-09-28 05:01:45,720 [INFO] pipeline.enrich_runner: [EnrichPipeline] Enriched 'Copyright Notice' → type=concept, confidence=low
2026-09-28 05:01:45,755 [INFO] httpx2: HTTP Request: POST https://api.anthropic.com/v1/messages "HTTP/1.1 401 Unauthorized"
2026-09-28 05:01:45,756 [ERROR] layers.layer1234_enrichment: L1234 ✗ error: Error code: 401 - {'type': 'error', 'error': {'type': 'authentication_error', 'message': 'API key is invalid.'}, 'request_id': None}
2026-09-28 05:01:45,756 [WARNING] layers.layer1234_enrichment: L1234 ⊘ fallback 'Transporting Your Product'
2026-09-28 05:01:45,758 [INFO] utils.body_preserver: [BodyPreserver] Successfully merged: DOCTYPE preserved, body preserved, AI enrichment applied
2026-09-28 05:01:45,759 [INFO] layers.layer2_shortdesc_generator: L2 ✓ shortdesc transporting_your_product.dita
2026-09-28 05:01:45,760 [INFO] utils.body_preserver: [BodyPreserver] Successfully merged: DOCTYPE preserved, body preserved, AI enrichment applied
2026-09-28 05:01:45,761 [INFO] layers.layer3_keywords_indexterms: L3 ✓ prolog transporting_your_product.dita
2026-09-28 05:01:45,763 [INFO] pipeline.enrich_runner: [EnrichPipeline] Enriched 'Transporting Your Product' → type=task, confidence=low
2026-09-28 05:01:45,765 [INFO] httpx2: HTTP Request: POST https://api.anthropic.com/v1/messages "HTTP/1.1 401 Unauthorized"
2026-09-28 05:01:45,765 [ERROR] layers.layer1234_enrichment: L1234 ✗ error: Error code: 401 - {'type': 'error', 'error': {'type': 'authentication_error', 'message': 'API key is invalid.'}, 'request_id': None}
2026-09-28 05:01:45,765 [WARNING] layers.layer1234_enrichment: L1234 ⊘ fallback 'Copying'
2026-09-28 05:01:45,767 [INFO] layers.layer1_topic_classifier: L1 ✓ concept→topic copying.dita
2026-09-28 05:01:45,767 [INFO] utils.body_preserver: [BodyPreserver] Successfully merged: DOCTYPE preserved, body preserved, AI enrichment applied
2026-09-28 05:01:45,767 [INFO] layers.layer2_shortdesc_generator: L2 ✓ shortdesc copying.dita
2026-09-28 05:01:45,769 [INFO] utils.body_preserver: [BodyPreserver] Successfully merged: DOCTYPE preserved, body preserved, AI enrichment applied
2026-09-28 05:01:45,769 [INFO] layers.layer3_keywords_indexterms: L3 ✓ prolog copying.dita
2026-09-28 05:01:45,770 [INFO] pipeline.enrich_runner: [EnrichPipeline] Enriched 'Copying' → type=topic, confidence=low
2026-09-28 05:01:45,773 [INFO] httpx2: HTTP Request: POST https://api.anthropic.com/v1/messages "HTTP/1.1 401 Unauthorized"
2026-09-28 05:01:45,774 [ERROR] layers.layer1234_enrichment: L1234 ✗ error: Error code: 401 - {'type': 'error', 'error': {'type': 'authentication_error', 'message': 'API key is invalid.'}, 'request_id': None}
2026-09-28 05:01:45,774 [WARNING] layers.layer1234_enrichment: L1234 ⊘ fallback 'Copying Documents or Photos'
2026-09-28 05:01:45,776 [INFO] utils.body_preserver: [BodyPreserver] Successfully merged: DOCTYPE preserved, body preserved, AI enrichment applied
2026-09-28 05:01:45,776 [INFO] layers.layer2_shortdesc_generator: L2 ✓ shortdesc copying_documents_or_photos.dita
2026-09-28 05:01:45,777 [INFO] utils.body_preserver: [BodyPreserver] Successfully merged: DOCTYPE preserved, body preserved, AI enrichment applied
2026-09-28 05:01:45,778 [INFO] layers.layer3_keywords_indexterms: L3 ✓ prolog copying_documents_or_photos.dita
2026-09-28 05:01:45,780 [INFO] pipeline.enrich_runner: [EnrichPipeline] Enriched 'Copying Documents or Photos' → type=task, confidence=low
2026-09-28 05:01:45,922 [INFO] httpx2: HTTP Request: POST https://api.anthropic.com/v1/messages "HTTP/1.1 401 Unauthorized"
2026-09-28 05:01:45,923 [ERROR] layers.layer1234_enrichment: L1234 ✗ error: Error code: 401 - {'type': 'error', 'error': {'type': 'authentication_error', 'message': 'API key is invalid.'}, 'request_id': None}
2026-09-28 05:01:45,923 [WARNING] layers.layer1234_enrichment: L1234 ⊘ fallback 'Copying Options'
2026-09-28 05:01:45,925 [INFO] layers.layer1_topic_classifier: L1 ✓ reference→task copying_options.dita
2026-09-28 05:01:45,926 [INFO] utils.body_preserver: [BodyPreserver] Successfully merged: DOCTYPE preserved, body preserved, AI enrichment applied
2026-09-28 05:01:45,926 [INFO] layers.layer2_shortdesc_generator: L2 ✓ shortdesc copying_options.dita
2026-09-28 05:01:45,928 [INFO] utils.body_preserver: [BodyPreserver] Successfully merged: DOCTYPE preserved, body preserved, AI enrichment applied
2026-09-28 05:01:45,928 [INFO] layers.layer3_keywords_indexterms: L3 ✓ prolog copying_options.dita
2026-09-28 05:01:45,930 [INFO] pipeline.enrich_runner: [EnrichPipeline] Enriched 'Copying Options' → type=task, confidence=low
2026-09-28 05:01:45,997 [INFO] httpx2: HTTP Request: POST https://api.anthropic.com/v1/messages "HTTP/1.1 401 Unauthorized"
2026-09-28 05:01:45,998 [ERROR] layers.layer1234_enrichment: L1234 ✗ error: Error code: 401 - {'type': 'error', 'error': {'type': 'authentication_error', 'message': 'API key is invalid.'}, 'request_id': None}
2026-09-28 05:01:45,998 [WARNING] layers.layer1234_enrichment: L1234 ⊘ fallback 'Borderless Paper Type Compatibility'
2026-09-28 05:01:46,000 [INFO] utils.body_preserver: [BodyPreserver] Successfully merged: DOCTYPE preserved, body preserved, AI enrichment applied
2026-09-28 05:01:46,000 [INFO] layers.layer2_shortdesc_generator: L2 ✓ shortdesc borderless_paper_type_compatibility.dita
2026-09-28 05:01:46,001 [INFO] utils.body_preserver: [BodyPreserver] Successfully merged: DOCTYPE preserved, body preserved, AI enrichment applied
2026-09-28 05:01:46,002 [INFO] layers.layer3_keywords_indexterms: L3 ✓ prolog borderless_paper_type_compatibility.dita
2026-09-28 05:01:46,004 [INFO] pipeline.enrich_runner: [EnrichPipeline] Enriched 'Borderless Paper Type Compatibility' → type=concept, confidence=low
2026-09-28 05:01:46,037 [INFO] httpx2: HTTP Request: POST https://api.anthropic.com/v1/messages "HTTP/1.1 401 Unauthorized"
2026-09-28 05:01:46,038 [ERROR] layers.layer1234_enrichment: L1234 ✗ error: Error code: 401 - {'type': 'error', 'error': {'type': 'authentication_error', 'message': 'API key is invalid.'}, 'request_id': None}
2026-09-28 05:01:46,038 [WARNING] layers.layer1234_enrichment: L1234 ⊘ fallback 'Compatible MetR Papers'
2026-09-28 05:01:46,041 [INFO] layers.layer1_topic_classifier: L1 ✓ reference→concept compatible_metr_papers.dita
2026-09-28 05:01:46,042 [INFO] utils.body_preserver: [BodyPreserver] Successfully merged: DOCTYPE preserved, body preserved, AI enrichment applied
2026-09-28 05:01:46,042 [INFO] layers.layer2_shortdesc_generator: L2 ✓ shortdesc compatible_metr_papers.dita
2026-09-28 05:01:46,044 [INFO] utils.body_preserver: [BodyPreserver] Successfully merged: DOCTYPE preserved, body preserved, AI enrichment applied
2026-09-28 05:01:46,044 [INFO] layers.layer3_keywords_indexterms: L3 ✓ prolog compatible_metr_papers.dita
2026-09-28 05:01:46,047 [INFO] pipeline.enrich_runner: [EnrichPipeline] Enriched 'Compatible MetR Papers' → type=concept, confidence=low
2026-09-28 05:01:46,050 [INFO] httpx2: HTTP Request: POST https://api.anthropic.com/v1/messages "HTTP/1.1 401 Unauthorized"
2026-09-28 05:01:46,051 [ERROR] layers.layer1234_enrichment: L1234 ✗ error: Error code: 401 - {'type': 'error', 'error': {'type': 'authentication_error', 'message': 'API key is invalid.'}, 'request_id': None}
2026-09-28 05:01:46,051 [WARNING] layers.layer1234_enrichment: L1234 ⊘ fallback 'Loading Paper'
2026-09-28 05:01:46,052 [INFO] layers.layer1_topic_classifier: L1 ✓ concept→topic loading_paper.dita
2026-09-28 05:01:46,052 [INFO] utils.body_preserver: [BodyPreserver] Successfully merged: DOCTYPE preserved, body preserved, AI enrichment applied
2026-09-28 05:01:46,053 [INFO] layers.layer2_shortdesc_generator: L2 ✓ shortdesc loading_paper.dita
2026-09-28 05:01:46,054 [INFO] utils.body_preserver: [BodyPreserver] Successfully merged: DOCTYPE preserved, body preserved, AI enrichment applied
2026-09-28 05:01:46,054 [INFO] layers.layer3_keywords_indexterms: L3 ✓ prolog loading_paper.dita
2026-09-28 05:01:46,056 [INFO] pipeline.enrich_runner: [EnrichPipeline] Enriched 'Loading Paper' → type=topic, confidence=low
2026-09-28 05:01:46,058 [INFO] httpx2: HTTP Request: POST https://api.anthropic.com/v1/messages "HTTP/1.1 401 Unauthorized"
2026-09-28 05:01:46,059 [ERROR] layers.layer1234_enrichment: L1234 ✗ error: Error code: 401 - {'type': 'error', 'error': {'type': 'authentication_error', 'message': 'API key is invalid.'}, 'request_id': None}
2026-09-28 05:01:46,059 [WARNING] layers.layer1234_enrichment: L1234 ⊘ fallback 'Double-sided Printing Capacity'
2026-09-28 05:01:46,061 [INFO] utils.body_preserver: [BodyPreserver] Successfully merged: DOCTYPE preserved, body preserved, AI enrichment applied
2026-09-28 05:01:46,061 [INFO] layers.layer2_shortdesc_generator: L2 ✓ shortdesc double_sided_printing_capacity.dita
2026-09-28 05:01:46,063 [INFO] utils.body_preserver: [BodyPreserver] Successfully merged: DOCTYPE preserved, body preserved, AI enrichment applied
2026-09-28 05:01:46,063 [INFO] layers.layer3_keywords_indexterms: L3 ✓ prolog double_sided_printing_capacity.dita
2026-09-28 05:01:46,065 [INFO] pipeline.enrich_runner: [EnrichPipeline] Enriched 'Double-sided Printing Capacity' → type=concept, confidence=low
2026-09-28 05:01:46,185 [INFO] httpx2: HTTP Request: POST https://api.anthropic.com/v1/messages "HTTP/1.1 401 Unauthorized"
2026-09-28 05:01:46,186 [ERROR] layers.layer1234_enrichment: L1234 ✗ error: Error code: 401 - {'type': 'error', 'error': {'type': 'authentication_error', 'message': 'API key is invalid.'}, 'request_id': None}
2026-09-28 05:01:46,186 [WARNING] layers.layer1234_enrichment: L1234 ⊘ fallback 'Loading Paper in the Rear Paper Feeder'
2026-09-28 05:01:46,188 [INFO] layers.layer1_topic_classifier: L1 ✓ task→concept loading_paper_in_the_rear_paper_feeder.dita
2026-09-28 05:01:46,189 [INFO] utils.body_preserver: [BodyPreserver] Successfully merged: DOCTYPE preserved, body preserved, AI enrichment applied
2026-09-28 05:01:46,189 [INFO] layers.layer2_shortdesc_generator: L2 ✓ shortdesc loading_paper_in_the_rear_paper_feeder.dita
2026-09-28 05:01:46,191 [INFO] utils.body_preserver: [BodyPreserver] Successfully merged: DOCTYPE preserved, body preserved, AI enrichment applied
2026-09-28 05:01:46,192 [INFO] layers.layer3_keywords_indexterms: L3 ✓ prolog loading_paper_in_the_rear_paper_feeder.dita
2026-09-28 05:01:46,195 [INFO] pipeline.enrich_runner: [EnrichPipeline] Enriched 'Loading Paper in the Rear Paper Feeder' → type=concept, confidence=low
2026-09-28 05:01:46,272 [INFO] httpx2: HTTP Request: POST https://api.anthropic.com/v1/messages "HTTP/1.1 401 Unauthorized"
2026-09-28 05:01:46,273 [ERROR] layers.layer1234_enrichment: L1234 ✗ error: Error code: 401 - {'type': 'error', 'error': {'type': 'authentication_error', 'message': 'API key is invalid.'}, 'request_id': None}
2026-09-28 05:01:46,273 [WARNING] layers.layer1234_enrichment: L1234 ⊘ fallback 'Paper Loading Capacity'
2026-09-28 05:01:46,275 [INFO] layers.layer1_topic_classifier: L1 ✓ reference→concept paper_loading_capacity.dita
2026-09-28 05:01:46,276 [INFO] utils.body_preserver: [BodyPreserver] Successfully merged: DOCTYPE preserved, body preserved, AI enrichment applied
2026-09-28 05:01:46,276 [INFO] layers.layer2_shortdesc_generator: L2 ✓ shortdesc paper_loading_capacity.dita
2026-09-28 05:01:46,277 [INFO] utils.body_preserver: [BodyPreserver] Successfully merged: DOCTYPE preserved, body preserved, AI enrichment applied
2026-09-28 05:01:46,278 [INFO] layers.layer3_keywords_indexterms: L3 ✓ prolog paper_loading_capacity.dita
2026-09-28 05:01:46,280 [INFO] pipeline.enrich_runner: [EnrichPipeline] Enriched 'Paper Loading Capacity' → type=concept, confidence=low
2026-09-28 05:01:46,320 [INFO] httpx2: HTTP Request: POST https://api.anthropic.com/v1/messages "HTTP/1.1 401 Unauthorized"
2026-09-28 05:01:46,321 [ERROR] layers.layer1234_enrichment: L1234 ✗ error: Error code: 401 - {'type': 'error', 'error': {'type': 'authentication_error', 'message': 'API key is invalid.'}, 'request_id': None}
2026-09-28 05:01:46,321 [WARNING] layers.layer1234_enrichment: L1234 ⊘ fallback 'Paper or Media Type Settings - Control Panel'
2026-09-28 05:01:46,323 [INFO] layers.layer1_topic_classifier: L1 ✓ reference→task paper_or_media_type_settings_control_panel.dita
2026-09-28 05:01:46,323 [INFO] utils.body_preserver: [BodyPreserver] Successfully merged: DOCTYPE preserved, body preserved, AI enrichment applied
2026-09-28 05:01:46,324 [INFO] layers.layer2_shortdesc_generator: L2 ✓ shortdesc paper_or_media_type_settings_control_panel.dita
2026-09-28 05:01:46,325 [INFO] utils.body_preserver: [BodyPreserver] Successfully merged: DOCTYPE preserved, body preserved, AI enrichment applied
2026-09-28 05:01:46,326 [INFO] layers.layer3_keywords_indexterms: L3 ✓ prolog paper_or_media_type_settings_control_panel.dita
2026-09-28 05:01:46,328 [INFO] pipeline.enrich_runner: [EnrichPipeline] Enriched 'Paper or Media Type Settings - Control Panel' → type=task, confidence=low
2026-09-28 05:01:46,331 [INFO] httpx2: HTTP Request: POST https://api.anthropic.com/v1/messages "HTTP/1.1 401 Unauthorized"
2026-09-28 05:01:46,332 [ERROR] layers.layer1234_enrichment: L1234 ✗ error: Error code: 401 - {'type': 'error', 'error': {'type': 'authentication_error', 'message': 'API key is invalid.'}, 'request_id': None}
2026-09-28 05:01:46,332 [WARNING] layers.layer1234_enrichment: L1234 ⊘ fallback 'Paper Source Settings Options'
2026-09-28 05:01:46,334 [INFO] layers.layer1_topic_classifier: L1 ✓ reference→task paper_source_settings_options.dita
2026-09-28 05:01:46,334 [INFO] utils.body_preserver: [BodyPreserver] Successfully merged: DOCTYPE preserved, body preserved, AI enrichment applied
2026-09-28 05:01:46,334 [INFO] layers.layer2_shortdesc_generator: L2 ✓ shortdesc paper_source_settings_options.dita
2026-09-28 05:01:46,336 [INFO] utils.body_preserver: [BodyPreserver] Successfully merged: DOCTYPE preserved, body preserved, AI enrichment applied
2026-09-28 05:01:46,336 [INFO] layers.layer3_keywords_indexterms: L3 ✓ prolog paper_source_settings_options.dita
2026-09-28 05:01:46,339 [INFO] pipeline.enrich_runner: [EnrichPipeline] Enriched 'Paper Source Settings Options' → type=task, confidence=low
2026-09-28 05:01:46,356 [INFO] httpx2: HTTP Request: POST https://api.anthropic.com/v1/messages "HTTP/1.1 401 Unauthorized"
2026-09-28 05:01:46,357 [ERROR] layers.layer1234_enrichment: L1234 ✗ error: Error code: 401 - {'type': 'error', 'error': {'type': 'authentication_error', 'message': 'API key is invalid.'}, 'request_id': None}
2026-09-28 05:01:46,357 [WARNING] layers.layer1234_enrichment: L1234 ⊘ fallback 'Paper or Media Type Settings - Printing Software'
2026-09-28 05:01:46,359 [INFO] layers.layer1_topic_classifier: L1 ✓ reference→task paper_or_media_type_settings_printing_software.dita
2026-09-28 05:01:46,359 [INFO] utils.body_preserver: [BodyPreserver] Successfully merged: DOCTYPE preserved, body preserved, AI enrichment applied
2026-09-28 05:01:46,360 [INFO] layers.layer2_shortdesc_generator: L2 ✓ shortdesc paper_or_media_type_settings_printing_software.dita
2026-09-28 05:01:46,361 [INFO] utils.body_preserver: [BodyPreserver] Successfully merged: DOCTYPE preserved, body preserved, AI enrichment applied
2026-09-28 05:01:46,362 [INFO] layers.layer3_keywords_indexterms: L3 ✓ prolog paper_or_media_type_settings_printing_software.dita
2026-09-28 05:01:46,364 [INFO] pipeline.enrich_runner: [EnrichPipeline] Enriched 'Paper or Media Type Settings - Printing Software' → type=task, confidence=low
2026-09-28 05:01:46,444 [INFO] httpx2: HTTP Request: POST https://api.anthropic.com/v1/messages "HTTP/1.1 401 Unauthorized"
2026-09-28 05:01:46,445 [ERROR] layers.layer1234_enrichment: L1234 ✗ error: Error code: 401 - {'type': 'error', 'error': {'type': 'authentication_error', 'message': 'API key is invalid.'}, 'request_id': None}
2026-09-28 05:01:46,445 [WARNING] layers.layer1234_enrichment: L1234 ⊘ fallback 'Selecting the Default Paper Source Settings'
2026-09-28 05:01:46,446 [INFO] utils.body_preserver: [BodyPreserver] Successfully merged: DOCTYPE preserved, body preserved, AI enrichment applied
2026-09-28 05:01:46,447 [INFO] layers.layer2_shortdesc_generator: L2 ✓ shortdesc selecting_the_default_paper_source_settings.dita
2026-09-28 05:01:46,448 [INFO] utils.body_preserver: [BodyPreserver] Successfully merged: DOCTYPE preserved, body preserved, AI enrichment applied
2026-09-28 05:01:46,448 [INFO] layers.layer3_keywords_indexterms: L3 ✓ prolog selecting_the_default_paper_source_settings.dita
2026-09-28 05:01:46,451 [INFO] pipeline.enrich_runner: [EnrichPipeline] Enriched 'Selecting the Default Paper Source Settings' → type=task, confidence=low
2026-09-28 05:01:46,559 [INFO] httpx2: HTTP Request: POST https://api.anthropic.com/v1/messages "HTTP/1.1 401 Unauthorized"
2026-09-28 05:01:46,560 [ERROR] layers.layer1234_enrichment: L1234 ✗ error: Error code: 401 - {'type': 'error', 'error': {'type': 'authentication_error', 'message': 'API key is invalid.'}, 'request_id': None}
2026-09-28 05:01:46,560 [WARNING] layers.layer1234_enrichment: L1234 ⊘ fallback 'Selecting the Paper Settings - Control Panel'
2026-09-28 05:01:46,561 [INFO] utils.body_preserver: [BodyPreserver] Successfully merged: DOCTYPE preserved, body preserved, AI enrichment applied
2026-09-28 05:01:46,561 [INFO] layers.layer2_shortdesc_generator: L2 ✓ shortdesc selecting_the_paper_settings_control_panel.dita
2026-09-28 05:01:46,563 [INFO] utils.body_preserver: [BodyPreserver] Successfully merged: DOCTYPE preserved, body preserved, AI enrichment applied
2026-09-28 05:01:46,563 [INFO] layers.layer3_keywords_indexterms: L3 ✓ prolog selecting_the_paper_settings_control_panel.dita
2026-09-28 05:01:46,565 [INFO] pipeline.enrich_runner: [EnrichPipeline] Enriched 'Selecting the Paper Settings - Control Panel' → type=task, confidence=low
2026-09-28 05:01:46,599 [INFO] httpx2: HTTP Request: POST https://api.anthropic.com/v1/messages "HTTP/1.1 401 Unauthorized"
2026-09-28 05:01:46,600 [ERROR] layers.layer1234_enrichment: L1234 ✗ error: Error code: 401 - {'type': 'error', 'error': {'type': 'authentication_error', 'message': 'API key is invalid.'}, 'request_id': None}
2026-09-28 05:01:46,600 [WARNING] layers.layer1234_enrichment: L1234 ⊘ fallback 'Placing Originals on the Product'
2026-09-28 05:01:46,601 [INFO] layers.layer1_topic_classifier: L1 ✓ concept→topic placing_originals_on_the_product.dita
2026-09-28 05:01:46,602 [INFO] utils.body_preserver: [BodyPreserver] Successfully merged: DOCTYPE preserved, body preserved, AI enrichment applied
2026-09-28 05:01:46,602 [INFO] layers.layer2_shortdesc_generator: L2 ✓ shortdesc placing_originals_on_the_product.dita
2026-09-28 05:01:46,603 [INFO] utils.body_preserver: [BodyPreserver] Successfully merged: DOCTYPE preserved, body preserved, AI enrichment applied
2026-09-28 05:01:46,604 [INFO] layers.layer3_keywords_indexterms: L3 ✓ prolog placing_originals_on_the_product.dita
2026-09-28 05:01:46,606 [INFO] pipeline.enrich_runner: [EnrichPipeline] Enriched 'Placing Originals on the Product' → type=topic, confidence=low
2026-09-28 05:01:46,609 [INFO] httpx2: HTTP Request: POST https://api.anthropic.com/v1/messages "HTTP/1.1 401 Unauthorized"
2026-09-28 05:01:46,610 [ERROR] layers.layer1234_enrichment: L1234 ✗ error: Error code: 401 - {'type': 'error', 'error': {'type': 'authentication_error', 'message': 'API key is invalid.'}, 'request_id': None}
2026-09-28 05:01:46,610 [WARNING] layers.layer1234_enrichment: L1234 ⊘ fallback 'Placing Originals on the Scanner Glass'
2026-09-28 05:01:46,611 [INFO] utils.body_preserver: [BodyPreserver] Successfully merged: DOCTYPE preserved, body preserved, AI enrichment applied
2026-09-28 05:01:46,612 [INFO] layers.layer2_shortdesc_generator: L2 ✓ shortdesc placing_originals_on_the_scanner_glass.dita
2026-09-28 05:01:46,613 [INFO] utils.body_preserver: [BodyPreserver] Successfully merged: DOCTYPE preserved, body preserved, AI enrichment applied
2026-09-28 05:01:46,614 [INFO] layers.layer3_keywords_indexterms: L3 ✓ prolog placing_originals_on_the_scanner_glass.dita
2026-09-28 05:01:46,616 [INFO] pipeline.enrich_runner: [EnrichPipeline] Enriched 'Placing Originals on the Scanner Glass' → type=task, confidence=low
2026-09-28 05:01:46,651 [INFO] httpx2: HTTP Request: POST https://api.anthropic.com/v1/messages "HTTP/1.1 401 Unauthorized"
2026-09-28 05:01:46,652 [ERROR] layers.layer1234_enrichment: L1234 ✗ error: Error code: 401 - {'type': 'error', 'error': {'type': 'authentication_error', 'message': 'API key is invalid.'}, 'request_id': None}
2026-09-28 05:01:46,652 [WARNING] layers.layer1234_enrichment: L1234 ⊘ fallback 'Changing LCD Screen Language'
2026-09-28 05:01:46,653 [INFO] utils.body_preserver: [BodyPreserver] Successfully merged: DOCTYPE preserved, body preserved, AI enrichment applied
2026-09-28 05:01:46,654 [INFO] layers.layer2_shortdesc_generator: L2 ✓ shortdesc changing_lcd_screen_language.dita
2026-09-28 05:01:46,655 [INFO] utils.body_preserver: [BodyPreserver] Successfully merged: DOCTYPE preserved, body preserved, AI enrichment applied
2026-09-28 05:01:46,655 [INFO] layers.layer3_keywords_indexterms: L3 ✓ prolog changing_lcd_screen_language.dita
2026-09-28 05:01:46,658 [INFO] pipeline.enrich_runner: [EnrichPipeline] Enriched 'Changing LCD Screen Language' → type=task, confidence=low
2026-09-28 05:01:46,720 [INFO] httpx2: HTTP Request: POST https://api.anthropic.com/v1/messages "HTTP/1.1 401 Unauthorized"
2026-09-28 05:01:46,721 [ERROR] layers.layer1234_enrichment: L1234 ✗ error: Error code: 401 - {'type': 'error', 'error': {'type': 'authentication_error', 'message': 'API key is invalid.'}, 'request_id': None}
2026-09-28 05:01:46,721 [WARNING] layers.layer1234_enrichment: L1234 ⊘ fallback 'Changing the Power Off Timer Setting from the Control Panel'
2026-09-28 05:01:46,723 [INFO] utils.body_preserver: [BodyPreserver] Successfully merged: DOCTYPE preserved, body preserved, AI enrichment applied
2026-09-28 05:01:46,723 [INFO] layers.layer2_shortdesc_generator: L2 ✓ shortdesc changing_the_power_off_timer_setting_from_the_control_panel.dita
2026-09-28 05:01:46,724 [INFO] utils.body_preserver: [BodyPreserver] Successfully merged: DOCTYPE preserved, body preserved, AI enrichment applied
2026-09-28 05:01:46,725 [INFO] layers.layer3_keywords_indexterms: L3 ✓ prolog changing_the_power_off_timer_setting_from_the_control_panel.dita
2026-09-28 05:01:46,727 [INFO] pipeline.enrich_runner: [EnrichPipeline] Enriched 'Changing the Power Off Timer Setting from the Control Panel' → type=task, confidence=low
2026-09-28 05:01:46,839 [INFO] httpx2: HTTP Request: POST https://api.anthropic.com/v1/messages "HTTP/1.1 401 Unauthorized"
2026-09-28 05:01:46,839 [ERROR] layers.layer1234_enrichment: L1234 ✗ error: Error code: 401 - {'type': 'error', 'error': {'type': 'authentication_error', 'message': 'API key is invalid.'}, 'request_id': None}
2026-09-28 05:01:46,840 [WARNING] layers.layer1234_enrichment: L1234 ⊘ fallback 'Changing the Sleep Timer Setting from the Control Panel'
2026-09-28 05:01:46,841 [INFO] utils.body_preserver: [BodyPreserver] Successfully merged: DOCTYPE preserved, body preserved, AI enrichment applied
2026-09-28 05:01:46,841 [INFO] utils.body_preserver: [BodyPreserver] All substeps properly nested under step — validation PASSED
2026-09-28 05:01:46,841 [INFO] layers.layer2_shortdesc_generator: L2 ✓ shortdesc changing_the_sleep_timer_setting_from_the_control_panel.dita
2026-09-28 05:01:46,843 [INFO] utils.body_preserver: [BodyPreserver] Successfully merged: DOCTYPE preserved, body preserved, AI enrichment applied
2026-09-28 05:01:46,843 [INFO] utils.body_preserver: [BodyPreserver] All substeps properly nested under step — validation PASSED
2026-09-28 05:01:46,843 [INFO] layers.layer3_keywords_indexterms: L3 ✓ prolog changing_the_sleep_timer_setting_from_the_control_panel.dita
2026-09-28 05:01:46,846 [INFO] pipeline.enrich_runner: [EnrichPipeline] Enriched 'Changing the Sleep Timer Setting from the Control Panel' → type=task, confidence=low
2026-09-28 05:01:46,882 [INFO] httpx2: HTTP Request: POST https://api.anthropic.com/v1/messages "HTTP/1.1 401 Unauthorized"
2026-09-28 05:01:46,883 [ERROR] layers.layer1234_enrichment: L1234 ✗ error: Error code: 401 - {'type': 'error', 'error': {'type': 'authentication_error', 'message': 'API key is invalid.'}, 'request_id': None}
2026-09-28 05:01:46,883 [WARNING] layers.layer1234_enrichment: L1234 ⊘ fallback 'Entering Characters on the LCD Screen'
2026-09-28 05:01:46,885 [INFO] layers.layer1_topic_classifier: L1 ✓ concept→task entering_characters_on_the_lcd_screen.dita
2026-09-28 05:01:46,885 [INFO] utils.body_preserver: [BodyPreserver] Successfully merged: DOCTYPE preserved, body preserved, AI enrichment applied
2026-09-28 05:01:46,885 [INFO] layers.layer2_shortdesc_generator: L2 ✓ shortdesc entering_characters_on_the_lcd_screen.dita
2026-09-28 05:01:46,887 [INFO] utils.body_preserver: [BodyPreserver] Successfully merged: DOCTYPE preserved, body preserved, AI enrichment applied
2026-09-28 05:01:46,887 [INFO] layers.layer3_keywords_indexterms: L3 ✓ prolog entering_characters_on_the_lcd_screen.dita
2026-09-28 05:01:46,890 [INFO] pipeline.enrich_runner: [EnrichPipeline] Enriched 'Entering Characters on the LCD Screen' → type=task, confidence=low
2026-09-28 05:01:46,891 [INFO] httpx2: HTTP Request: POST https://api.anthropic.com/v1/messages "HTTP/1.1 401 Unauthorized"
2026-09-28 05:01:46,892 [ERROR] layers.layer1234_enrichment: L1234 ✗ error: Error code: 401 - {'type': 'error', 'error': {'type': 'authentication_error', 'message': 'API key is invalid.'}, 'request_id': None}
2026-09-28 05:01:46,892 [WARNING] layers.layer1234_enrichment: L1234 ⊘ fallback 'Product Basics'
2026-09-28 05:01:46,893 [INFO] layers.layer1_topic_classifier: L1 ✓ concept→topic product_basics.dita
2026-09-28 05:01:46,893 [INFO] utils.body_preserver: [BodyPreserver] Successfully merged: DOCTYPE preserved, body preserved, AI enrichment applied
2026-09-28 05:01:46,894 [INFO] layers.layer2_shortdesc_generator: L2 ✓ shortdesc product_basics.dita
2026-09-28 05:01:46,895 [INFO] utils.body_preserver: [BodyPreserver] Successfully merged: DOCTYPE preserved, body preserved, AI enrichment applied
2026-09-28 05:01:46,895 [INFO] layers.layer3_keywords_indexterms: L3 ✓ prolog product_basics.dita
2026-09-28 05:01:46,898 [INFO] pipeline.enrich_runner: [EnrichPipeline] Enriched 'Product Basics' → type=topic, confidence=low
2026-09-28 05:01:46,947 [INFO] httpx2: HTTP Request: POST https://api.anthropic.com/v1/messages "HTTP/1.1 401 Unauthorized"
2026-09-28 05:01:46,947 [ERROR] layers.layer1234_enrichment: L1234 ✗ error: Error code: 401 - {'type': 'error', 'error': {'type': 'authentication_error', 'message': 'API key is invalid.'}, 'request_id': None}
2026-09-28 05:01:46,947 [WARNING] layers.layer1234_enrichment: L1234 ⊘ fallback 'Product Parts - Back'
2026-09-28 05:01:46,949 [INFO] layers.layer1_topic_classifier: L1 ✓ task→topic product_parts_back.dita
2026-09-28 05:01:46,949 [INFO] utils.body_preserver: [BodyPreserver] Successfully merged: DOCTYPE preserved, body preserved, AI enrichment applied
2026-09-28 05:01:46,950 [INFO] layers.layer2_shortdesc_generator: L2 ✓ shortdesc product_parts_back.dita
2026-09-28 05:01:46,951 [INFO] utils.body_preserver: [BodyPreserver] Successfully merged: DOCTYPE preserved, body preserved, AI enrichment applied
2026-09-28 05:01:46,952 [INFO] layers.layer3_keywords_indexterms: L3 ✓ prolog product_parts_back.dita
2026-09-28 05:01:46,954 [INFO] pipeline.enrich_runner: [EnrichPipeline] Enriched 'Product Parts - Back' → type=topic, confidence=low
2026-09-28 05:01:46,977 [INFO] httpx2: HTTP Request: POST https://api.anthropic.com/v1/messages "HTTP/1.1 401 Unauthorized"
2026-09-28 05:01:46,978 [ERROR] layers.layer1234_enrichment: L1234 ✗ error: Error code: 401 - {'type': 'error', 'error': {'type': 'authentication_error', 'message': 'API key is invalid.'}, 'request_id': None}
2026-09-28 05:01:46,978 [WARNING] layers.layer1234_enrichment: L1234 ⊘ fallback 'Product Parts - Front'
2026-09-28 05:01:46,980 [INFO] layers.layer1_topic_classifier: L1 ✓ task→topic product_parts_front.dita
2026-09-28 05:01:46,980 [INFO] utils.body_preserver: [BodyPreserver] Successfully merged: DOCTYPE preserved, body preserved, AI enrichment applied
2026-09-28 05:01:46,980 [INFO] layers.layer2_shortdesc_generator: L2 ✓ shortdesc product_parts_front.dita
2026-09-28 05:01:46,982 [INFO] utils.body_preserver: [BodyPreserver] Successfully merged: DOCTYPE preserved, body preserved, AI enrichment applied
2026-09-28 05:01:46,982 [INFO] layers.layer3_keywords_indexterms: L3 ✓ prolog product_parts_front.dita
2026-09-28 05:01:46,984 [INFO] pipeline.enrich_runner: [EnrichPipeline] Enriched 'Product Parts - Front' → type=topic, confidence=low
2026-09-28 05:01:47,117 [INFO] httpx2: HTTP Request: POST https://api.anthropic.com/v1/messages "HTTP/1.1 401 Unauthorized"
2026-09-28 05:01:47,118 [ERROR] layers.layer1234_enrichment: L1234 ✗ error: Error code: 401 - {'type': 'error', 'error': {'type': 'authentication_error', 'message': 'API key is invalid.'}, 'request_id': None}
2026-09-28 05:01:47,118 [WARNING] layers.layer1234_enrichment: L1234 ⊘ fallback 'Product Parts - Inside'
2026-09-28 05:01:47,120 [INFO] layers.layer1_topic_classifier: L1 ✓ task→topic product_parts_inside.dita
2026-09-28 05:01:47,120 [INFO] utils.body_preserver: [BodyPreserver] Successfully merged: DOCTYPE preserved, body preserved, AI enrichment applied
2026-09-28 05:01:47,121 [INFO] layers.layer2_shortdesc_generator: L2 ✓ shortdesc product_parts_inside.dita
2026-09-28 05:01:47,122 [INFO] utils.body_preserver: [BodyPreserver] Successfully merged: DOCTYPE preserved, body preserved, AI enrichment applied
2026-09-28 05:01:47,123 [INFO] layers.layer3_keywords_indexterms: L3 ✓ prolog product_parts_inside.dita
2026-09-28 05:01:47,125 [INFO] pipeline.enrich_runner: [EnrichPipeline] Enriched 'Product Parts - Inside' → type=topic, confidence=low
2026-09-28 05:01:47,158 [INFO] httpx2: HTTP Request: POST https://api.anthropic.com/v1/messages "HTTP/1.1 401 Unauthorized"
2026-09-28 05:01:47,159 [ERROR] layers.layer1234_enrichment: L1234 ✗ error: Error code: 401 - {'type': 'error', 'error': {'type': 'authentication_error', 'message': 'API key is invalid.'}, 'request_id': None}
2026-09-28 05:01:47,159 [WARNING] layers.layer1234_enrichment: L1234 ⊘ fallback 'Product Parts Locations'
2026-09-28 05:01:47,160 [INFO] layers.layer1_topic_classifier: L1 ✓ concept→topic product_parts_locations.dita
2026-09-28 05:01:47,161 [INFO] utils.body_preserver: [BodyPreserver] Successfully merged: DOCTYPE preserved, body preserved, AI enrichment applied
2026-09-28 05:01:47,161 [INFO] layers.layer2_shortdesc_generator: L2 ✓ shortdesc product_parts_locations.dita
2026-09-28 05:01:47,162 [INFO] utils.body_preserver: [BodyPreserver] Successfully merged: DOCTYPE preserved, body preserved, AI enrichment applied
2026-09-28 05:01:47,163 [INFO] layers.layer3_keywords_indexterms: L3 ✓ prolog product_parts_locations.dita
2026-09-28 05:01:47,165 [INFO] pipeline.enrich_runner: [EnrichPipeline] Enriched 'Product Parts Locations' → type=topic, confidence=low
2026-09-28 05:01:47,178 [INFO] httpx2: HTTP Request: POST https://api.anthropic.com/v1/messages "HTTP/1.1 401 Unauthorized"
2026-09-28 05:01:47,179 [ERROR] layers.layer1234_enrichment: L1234 ✗ error: Error code: 401 - {'type': 'error', 'error': {'type': 'authentication_error', 'message': 'API key is invalid.'}, 'request_id': None}
2026-09-28 05:01:47,179 [WARNING] layers.layer1234_enrichment: L1234 ⊘ fallback 'Status Icon Information'
2026-09-28 05:01:47,181 [INFO] layers.layer1_topic_classifier: L1 ✓ reference→concept status_icon_information.dita
2026-09-28 05:01:47,181 [INFO] utils.body_preserver: [BodyPreserver] Successfully merged: DOCTYPE preserved, body preserved, AI enrichment applied
2026-09-28 05:01:47,181 [INFO] layers.layer2_shortdesc_generator: L2 ✓ shortdesc status_icon_information.dita
2026-09-28 05:01:47,183 [INFO] utils.body_preserver: [BodyPreserver] Successfully merged: DOCTYPE preserved, body preserved, AI enrichment applied
2026-09-28 05:01:47,183 [INFO] layers.layer3_keywords_indexterms: L3 ✓ prolog status_icon_information.dita
2026-09-28 05:01:47,186 [INFO] pipeline.enrich_runner: [EnrichPipeline] Enriched 'Status Icon Information' → type=concept, confidence=low
2026-09-28 05:01:47,224 [INFO] httpx2: HTTP Request: POST https://api.anthropic.com/v1/messages "HTTP/1.1 401 Unauthorized"
2026-09-28 05:01:47,224 [ERROR] layers.layer1234_enrichment: L1234 ✗ error: Error code: 401 - {'type': 'error', 'error': {'type': 'authentication_error', 'message': 'API key is invalid.'}, 'request_id': None}
2026-09-28 05:01:47,225 [WARNING] layers.layer1234_enrichment: L1234 ⊘ fallback 'The LCD Screen'
2026-09-28 05:01:47,226 [INFO] layers.layer1_topic_classifier: L1 ✓ task→topic the_lcd_screen.dita
2026-09-28 05:01:47,226 [INFO] utils.body_preserver: [BodyPreserver] Successfully merged: DOCTYPE preserved, body preserved, AI enrichment applied
2026-09-28 05:01:47,227 [INFO] layers.layer2_shortdesc_generator: L2 ✓ shortdesc the_lcd_screen.dita
2026-09-28 05:01:47,228 [INFO] utils.body_preserver: [BodyPreserver] Successfully merged: DOCTYPE preserved, body preserved, AI enrichment applied
2026-09-28 05:01:47,228 [INFO] layers.layer3_keywords_indexterms: L3 ✓ prolog the_lcd_screen.dita
2026-09-28 05:01:47,231 [INFO] pipeline.enrich_runner: [EnrichPipeline] Enriched 'The LCD Screen' → type=topic, confidence=low
2026-09-28 05:01:47,235 [INFO] httpx2: HTTP Request: POST https://api.anthropic.com/v1/messages "HTTP/1.1 401 Unauthorized"
2026-09-28 05:01:47,236 [ERROR] layers.layer1234_enrichment: L1234 ✗ error: Error code: 401 - {'type': 'error', 'error': {'type': 'authentication_error', 'message': 'API key is invalid.'}, 'request_id': None}
2026-09-28 05:01:47,236 [WARNING] layers.layer1234_enrichment: L1234 ⊘ fallback 'Using Power Saving Settings'
2026-09-28 05:01:47,237 [INFO] layers.layer1_topic_classifier: L1 ✓ concept→task using_power_saving_settings.dita
2026-09-28 05:01:47,237 [INFO] utils.body_preserver: [BodyPreserver] Successfully merged: DOCTYPE preserved, body preserved, AI enrichment applied
2026-09-28 05:01:47,237 [INFO] layers.layer2_shortdesc_generator: L2 ✓ shortdesc using_power_saving_settings.dita
2026-09-28 05:01:47,239 [INFO] utils.body_preserver: [BodyPreserver] Successfully merged: DOCTYPE preserved, body preserved, AI enrichment applied
2026-09-28 05:01:47,239 [INFO] layers.layer3_keywords_indexterms: L3 ✓ prolog using_power_saving_settings.dita
2026-09-28 05:01:47,242 [INFO] pipeline.enrich_runner: [EnrichPipeline] Enriched 'Using Power Saving Settings' → type=task, confidence=low
2026-09-28 05:01:47,392 [INFO] httpx2: HTTP Request: POST https://api.anthropic.com/v1/messages "HTTP/1.1 401 Unauthorized"
2026-09-28 05:01:47,393 [ERROR] layers.layer1234_enrichment: L1234 ✗ error: Error code: 401 - {'type': 'error', 'error': {'type': 'authentication_error', 'message': 'API key is invalid.'}, 'request_id': None}
2026-09-28 05:01:47,393 [WARNING] layers.layer1234_enrichment: L1234 ⊘ fallback 'Using the Control Panel'
2026-09-28 05:01:47,395 [INFO] utils.body_preserver: [BodyPreserver] Successfully merged: DOCTYPE preserved, body preserved, AI enrichment applied
2026-09-28 05:01:47,395 [INFO] layers.layer2_shortdesc_generator: L2 ✓ shortdesc using_the_control_panel.dita
2026-09-28 05:01:47,397 [INFO] utils.body_preserver: [BodyPreserver] Successfully merged: DOCTYPE preserved, body preserved, AI enrichment applied
2026-09-28 05:01:47,397 [INFO] layers.layer3_keywords_indexterms: L3 ✓ prolog using_the_control_panel.dita
2026-09-28 05:01:47,400 [INFO] pipeline.enrich_runner: [EnrichPipeline] Enriched 'Using the Control Panel' → type=task, confidence=low
2026-09-28 05:01:47,430 [INFO] httpx2: HTTP Request: POST https://api.anthropic.com/v1/messages "HTTP/1.1 401 Unauthorized"
2026-09-28 05:01:47,431 [ERROR] layers.layer1234_enrichment: L1234 ✗ error: Error code: 401 - {'type': 'error', 'error': {'type': 'authentication_error', 'message': 'API key is invalid.'}, 'request_id': None}
2026-09-28 05:01:47,431 [WARNING] layers.layer1234_enrichment: L1234 ⊘ fallback 'Viewing Animations'
2026-09-28 05:01:47,433 [INFO] utils.body_preserver: [BodyPreserver] Successfully merged: DOCTYPE preserved, body preserved, AI enrichment applied
2026-09-28 05:01:47,433 [INFO] layers.layer2_shortdesc_generator: L2 ✓ shortdesc viewing_animations.dita
2026-09-28 05:01:47,435 [INFO] utils.body_preserver: [BodyPreserver] Successfully merged: DOCTYPE preserved, body preserved, AI enrichment applied
2026-09-28 05:01:47,435 [INFO] layers.layer3_keywords_indexterms: L3 ✓ prolog viewing_animations.dita
2026-09-28 05:01:47,438 [INFO] pipeline.enrich_runner: [EnrichPipeline] Enriched 'Viewing Animations' → type=task, confidence=low
2026-09-28 05:01:47,456 [INFO] httpx2: HTTP Request: POST https://api.anthropic.com/v1/messages "HTTP/1.1 401 Unauthorized"
2026-09-28 05:01:47,457 [ERROR] layers.layer1234_enrichment: L1234 ✗ error: Error code: 401 - {'type': 'error', 'error': {'type': 'authentication_error', 'message': 'API key is invalid.'}, 'request_id': None}
2026-09-28 05:01:47,457 [WARNING] layers.layer1234_enrichment: L1234 ⊘ fallback 'Check Ink Levels'
2026-09-28 05:01:47,459 [INFO] utils.body_preserver: [BodyPreserver] Successfully merged: DOCTYPE preserved, body preserved, AI enrichment applied
2026-09-28 05:01:47,459 [INFO] layers.layer2_shortdesc_generator: L2 ✓ shortdesc check_ink_levels.dita
2026-09-28 05:01:47,460 [INFO] utils.body_preserver: [BodyPreserver] Successfully merged: DOCTYPE preserved, body preserved, AI enrichment applied
2026-09-28 05:01:47,461 [INFO] layers.layer3_keywords_indexterms: L3 ✓ prolog check_ink_levels.dita
2026-09-28 05:01:47,464 [INFO] pipeline.enrich_runner: [EnrichPipeline] Enriched 'Check Ink Levels' → type=concept, confidence=low
2026-09-28 05:01:47,498 [INFO] httpx2: HTTP Request: POST https://api.anthropic.com/v1/messages "HTTP/1.1 401 Unauthorized"
2026-09-28 05:01:47,499 [ERROR] layers.layer1234_enrichment: L1234 ✗ error: Error code: 401 - {'type': 'error', 'error': {'type': 'authentication_error', 'message': 'API key is invalid.'}, 'request_id': None}
2026-09-28 05:01:47,499 [WARNING] layers.layer1234_enrichment: L1234 ⊘ fallback 'Checking Ink Levels on Your Product'
2026-09-28 05:01:47,500 [INFO] utils.body_preserver: [BodyPreserver] Successfully merged: DOCTYPE preserved, body preserved, AI enrichment applied
2026-09-28 05:01:47,500 [INFO] layers.layer2_shortdesc_generator: L2 ✓ shortdesc checking_ink_levels_on_your_product.dita
2026-09-28 05:01:47,502 [INFO] utils.body_preserver: [BodyPreserver] Successfully merged: DOCTYPE preserved, body preserved, AI enrichment applied
2026-09-28 05:01:47,502 [INFO] layers.layer3_keywords_indexterms: L3 ✓ prolog checking_ink_levels_on_your_product.dita
2026-09-28 05:01:47,505 [INFO] pipeline.enrich_runner: [EnrichPipeline] Enriched 'Checking Ink Levels on Your Product' → type=concept, confidence=low
2026-09-28 05:01:47,507 [INFO] httpx2: HTTP Request: POST https://api.anthropic.com/v1/messages "HTTP/1.1 401 Unauthorized"
2026-09-28 05:01:47,508 [ERROR] layers.layer1234_enrichment: L1234 ✗ error: Error code: 401 - {'type': 'error', 'error': {'type': 'authentication_error', 'message': 'API key is invalid.'}, 'request_id': None}
2026-09-28 05:01:47,508 [WARNING] layers.layer1234_enrichment: L1234 ⊘ fallback 'Checking Ink Levels - Mac'
2026-09-28 05:01:47,509 [INFO] utils.body_preserver: [BodyPreserver] Successfully merged: DOCTYPE preserved, body preserved, AI enrichment applied
2026-09-28 05:01:47,510 [INFO] layers.layer2_shortdesc_generator: L2 ✓ shortdesc checking_ink_levels_mac.dita
2026-09-28 05:01:47,511 [INFO] utils.body_preserver: [BodyPreserver] Successfully merged: DOCTYPE preserved, body preserved, AI enrichment applied
2026-09-28 05:01:47,511 [INFO] layers.layer3_keywords_indexterms: L3 ✓ prolog checking_ink_levels_mac.dita
2026-09-28 05:01:47,514 [INFO] pipeline.enrich_runner: [EnrichPipeline] Enriched 'Checking Ink Levels - Mac' → type=task, confidence=low
2026-09-28 05:01:47,670 [INFO] httpx2: HTTP Request: POST https://api.anthropic.com/v1/messages "HTTP/1.1 401 Unauthorized"
2026-09-28 05:01:47,671 [ERROR] layers.layer1234_enrichment: L1234 ✗ error: Error code: 401 - {'type': 'error', 'error': {'type': 'authentication_error', 'message': 'API key is invalid.'}, 'request_id': None}
2026-09-28 05:01:47,671 [WARNING] layers.layer1234_enrichment: L1234 ⊘ fallback 'Checking Ink Levels - Windows'
2026-09-28 05:01:47,673 [INFO] layers.layer1_topic_classifier: L1 ✓ task→concept checking_ink_levels_windows.dita
2026-09-28 05:01:47,673 [INFO] utils.body_preserver: [BodyPreserver] Successfully merged: DOCTYPE preserved, body preserved, AI enrichment applied
2026-09-28 05:01:47,674 [INFO] layers.layer2_shortdesc_generator: L2 ✓ shortdesc checking_ink_levels_windows.dita
2026-09-28 05:01:47,675 [INFO] utils.body_preserver: [BodyPreserver] Successfully merged: DOCTYPE preserved, body preserved, AI enrichment applied
2026-09-28 05:01:47,676 [INFO] layers.layer3_keywords_indexterms: L3 ✓ prolog checking_ink_levels_windows.dita
2026-09-28 05:01:47,679 [INFO] pipeline.enrich_runner: [EnrichPipeline] Enriched 'Checking Ink Levels - Windows' → type=concept, confidence=low
2026-09-28 05:01:47,705 [INFO] httpx2: HTTP Request: POST https://api.anthropic.com/v1/messages "HTTP/1.1 401 Unauthorized"
2026-09-28 05:01:47,706 [ERROR] layers.layer1234_enrichment: L1234 ✗ error: Error code: 401 - {'type': 'error', 'error': {'type': 'authentication_error', 'message': 'API key is invalid.'}, 'request_id': None}
2026-09-28 05:01:47,706 [WARNING] layers.layer1234_enrichment: L1234 ⊘ fallback 'Disabling Special Offers with Windows'
2026-09-28 05:01:47,708 [INFO] utils.body_preserver: [BodyPreserver] Successfully merged: DOCTYPE preserved, body preserved, AI enrichment applied
2026-09-28 05:01:47,708 [INFO] layers.layer2_shortdesc_generator: L2 ✓ shortdesc disabling_special_offers_with_windows.dita
2026-09-28 05:01:47,709 [INFO] utils.body_preserver: [BodyPreserver] Successfully merged: DOCTYPE preserved, body preserved, AI enrichment applied
2026-09-28 05:01:47,710 [INFO] layers.layer3_keywords_indexterms: L3 ✓ prolog disabling_special_offers_with_windows.dita
2026-09-28 05:01:47,713 [INFO] pipeline.enrich_runner: [EnrichPipeline] Enriched 'Disabling Special Offers with Windows' → type=task, confidence=low
2026-09-28 05:01:47,741 [INFO] httpx2: HTTP Request: POST https://api.anthropic.com/v1/messages "HTTP/1.1 401 Unauthorized"
2026-09-28 05:01:47,742 [ERROR] layers.layer1234_enrichment: L1234 ✗ error: Error code: 401 - {'type': 'error', 'error': {'type': 'authentication_error', 'message': 'API key is invalid.'}, 'request_id': None}
2026-09-28 05:01:47,742 [WARNING] layers.layer1234_enrichment: L1234 ⊘ fallback 'Ink Bottle Part Numbers'
2026-09-28 05:01:47,744 [INFO] layers.layer1_topic_classifier: L1 ✓ reference→topic ink_bottle_part_numbers.dita
2026-09-28 05:01:47,744 [INFO] utils.body_preserver: [BodyPreserver] Successfully merged: DOCTYPE preserved, body preserved, AI enrichment applied
2026-09-28 05:01:47,744 [INFO] layers.layer2_shortdesc_generator: L2 ✓ shortdesc ink_bottle_part_numbers.dita
2026-09-28 05:01:47,746 [INFO] utils.body_preserver: [BodyPreserver] Successfully merged: DOCTYPE preserved, body preserved, AI enrichment applied
2026-09-28 05:01:47,746 [INFO] layers.layer3_keywords_indexterms: L3 ✓ prolog ink_bottle_part_numbers.dita
2026-09-28 05:01:47,749 [INFO] pipeline.enrich_runner: [EnrichPipeline] Enriched 'Ink Bottle Part Numbers' → type=topic, confidence=low
2026-09-28 05:01:47,776 [INFO] httpx2: HTTP Request: POST https://api.anthropic.com/v1/messages "HTTP/1.1 401 Unauthorized"
2026-09-28 05:01:47,776 [ERROR] layers.layer1234_enrichment: L1234 ✗ error: Error code: 401 - {'type': 'error', 'error': {'type': 'authentication_error', 'message': 'API key is invalid.'}, 'request_id': None}
2026-09-28 05:01:47,777 [WARNING] layers.layer1234_enrichment: L1234 ⊘ fallback 'Ink Safety Precautions'
2026-09-28 05:01:47,779 [INFO] utils.body_preserver: [BodyPreserver] Successfully merged: DOCTYPE preserved, body preserved, AI enrichment applied
2026-09-28 05:01:47,779 [INFO] layers.layer2_shortdesc_generator: L2 ✓ shortdesc ink_safety_precautions.dita
2026-09-28 05:01:47,781 [INFO] utils.body_preserver: [BodyPreserver] Successfully merged: DOCTYPE preserved, body preserved, AI enrichment applied
2026-09-28 05:01:47,781 [INFO] layers.layer3_keywords_indexterms: L3 ✓ prolog ink_safety_precautions.dita
2026-09-28 05:01:47,786 [INFO] pipeline.enrich_runner: [EnrichPipeline] Enriched 'Ink Safety Precautions' → type=concept, confidence=low
2026-09-28 05:01:47,786 [INFO] httpx2: HTTP Request: POST https://api.anthropic.com/v1/messages "HTTP/1.1 401 Unauthorized"
2026-09-28 05:01:47,787 [ERROR] layers.layer1234_enrichment: L1234 ✗ error: Error code: 401 - {'type': 'error', 'error': {'type': 'authentication_error', 'message': 'API key is invalid.'}, 'request_id': None}
2026-09-28 05:01:47,787 [WARNING] layers.layer1234_enrichment: L1234 ⊘ fallback 'Purchase MetR Ink'
2026-09-28 05:01:47,788 [INFO] utils.body_preserver: [BodyPreserver] Successfully merged: DOCTYPE preserved, body preserved, AI enrichment applied
2026-09-28 05:01:47,789 [INFO] layers.layer2_shortdesc_generator: L2 ✓ shortdesc purchase_metr_ink.dita
2026-09-28 05:01:47,790 [INFO] utils.body_preserver: [BodyPreserver] Successfully merged: DOCTYPE preserved, body preserved, AI enrichment applied
2026-09-28 05:01:47,790 [INFO] layers.layer3_keywords_indexterms: L3 ✓ prolog purchase_metr_ink.dita
2026-09-28 05:01:47,794 [INFO] pipeline.enrich_runner: [EnrichPipeline] Enriched 'Purchase MetR Ink' → type=concept, confidence=low
2026-09-28 05:01:47,964 [INFO] httpx2: HTTP Request: POST https://api.anthropic.com/v1/messages "HTTP/1.1 401 Unauthorized"
2026-09-28 05:01:47,965 [ERROR] layers.layer1234_enrichment: L1234 ✗ error: Error code: 401 - {'type': 'error', 'error': {'type': 'authentication_error', 'message': 'API key is invalid.'}, 'request_id': None}
2026-09-28 05:01:47,965 [WARNING] layers.layer1234_enrichment: L1234 ⊘ fallback 'Refilling Ink'
2026-09-28 05:01:47,967 [INFO] utils.body_preserver: [BodyPreserver] Successfully merged: DOCTYPE preserved, body preserved, AI enrichment applied
2026-09-28 05:01:47,967 [INFO] layers.layer2_shortdesc_generator: L2 ✓ shortdesc refilling_ink.dita
2026-09-28 05:01:47,968 [INFO] utils.body_preserver: [BodyPreserver] Successfully merged: DOCTYPE preserved, body preserved, AI enrichment applied
2026-09-28 05:01:47,969 [INFO] layers.layer3_keywords_indexterms: L3 ✓ prolog refilling_ink.dita
2026-09-28 05:01:47,973 [INFO] pipeline.enrich_runner: [EnrichPipeline] Enriched 'Refilling Ink' → type=concept, confidence=low
2026-09-28 05:01:47,988 [INFO] httpx2: HTTP Request: POST https://api.anthropic.com/v1/messages "HTTP/1.1 401 Unauthorized"
2026-09-28 05:01:47,989 [ERROR] layers.layer1234_enrichment: L1234 ✗ error: Error code: 401 - {'type': 'error', 'error': {'type': 'authentication_error', 'message': 'API key is invalid.'}, 'request_id': None}
2026-09-28 05:01:47,989 [WARNING] layers.layer1234_enrichment: L1234 ⊘ fallback 'Refilling the Ink Tanks'
2026-09-28 05:01:47,991 [INFO] utils.body_preserver: [BodyPreserver] Successfully merged: DOCTYPE preserved, body preserved, AI enrichment applied
2026-09-28 05:01:47,991 [INFO] layers.layer2_shortdesc_generator: L2 ✓ shortdesc refilling_the_ink_tanks.dita
2026-09-28 05:01:47,993 [INFO] utils.body_preserver: [BodyPreserver] Successfully merged: DOCTYPE preserved, body preserved, AI enrichment applied
2026-09-28 05:01:47,993 [INFO] layers.layer3_keywords_indexterms: L3 ✓ prolog refilling_the_ink_tanks.dita
2026-09-28 05:01:47,998 [INFO] pipeline.enrich_runner: [EnrichPipeline] Enriched 'Refilling the Ink Tanks' → type=task, confidence=low
2026-09-28 05:01:48,002 [INFO] pipeline.enrich_runner: [EnrichPipeline] Layers 1+2+3+4 complete — 63 topics processed
2026-09-28 05:01:48,006 [INFO] pipeline.enrich_runner: [EnrichPipeline] Reclassification summary — 28 of 63 topics had type changed by AI
2026-09-28 05:01:48,006 [INFO] pipeline.enrich_runner: [EnrichPipeline] [RECLASSIFIED] adjusting_print_quality/adjusting_print_quality.dita         concept → task (confidence=low)
2026-09-28 05:01:48,006 [INFO] pipeline.enrich_runner: [EnrichPipeline] [RECLASSIFIED] adjusting_print_quality/checking_the_nozzles_using_the_product_control_panel.dita task → concept (confidence=low)
2026-09-28 05:01:48,006 [INFO] pipeline.enrich_runner: [EnrichPipeline] [RECLASSIFIED] adjusting_print_quality/power_cleaning.dita                  concept → task (confidence=low)
2026-09-28 05:01:48,006 [INFO] pipeline.enrich_runner: [EnrichPipeline] [RECLASSIFIED] adjusting_print_quality/print_head_alignment.dita            concept → topic (confidence=low)
2026-09-28 05:01:48,006 [INFO] pipeline.enrich_runner: [EnrichPipeline] [RECLASSIFIED] adjusting_print_quality/print_head_maintenance.dita          concept → task (confidence=low)
2026-09-28 05:01:48,007 [INFO] pipeline.enrich_runner: [EnrichPipeline] [RECLASSIFIED] adjusting_print_quality/print_head_nozzle_check.dita         concept → topic (confidence=low)
2026-09-28 05:01:48,007 [INFO] pipeline.enrich_runner: [EnrichPipeline] [RECLASSIFIED] cleaning_and_transporting_your_product/cleaning_and_transporting_your_product.dita concept → topic (confidence=low)
2026-09-28 05:01:48,007 [INFO] pipeline.enrich_runner: [EnrichPipeline] [RECLASSIFIED] copying/copying.dita                                         concept → topic (confidence=low)
2026-09-28 05:01:48,007 [INFO] pipeline.enrich_runner: [EnrichPipeline] [RECLASSIFIED] copying/copying_options.dita                                 reference → task (confidence=low)
2026-09-28 05:01:48,007 [INFO] pipeline.enrich_runner: [EnrichPipeline] [RECLASSIFIED] loading_paper/compatible_metr_papers.dita                    reference → concept (confidence=low)
2026-09-28 05:01:48,007 [INFO] pipeline.enrich_runner: [EnrichPipeline] [RECLASSIFIED] loading_paper/loading_paper.dita                             concept → topic (confidence=low)
2026-09-28 05:01:48,007 [INFO] pipeline.enrich_runner: [EnrichPipeline] [RECLASSIFIED] loading_paper/loading_paper_in_the_rear_paper_feeder.dita    task → concept (confidence=low)
2026-09-28 05:01:48,007 [INFO] pipeline.enrich_runner: [EnrichPipeline] [RECLASSIFIED] loading_paper/paper_loading_capacity.dita                    reference → concept (confidence=low)
2026-09-28 05:01:48,007 [INFO] pipeline.enrich_runner: [EnrichPipeline] [RECLASSIFIED] loading_paper/paper_or_media_type_settings_control_panel.dita reference → task (confidence=low)
2026-09-28 05:01:48,007 [INFO] pipeline.enrich_runner: [EnrichPipeline] [RECLASSIFIED] loading_paper/paper_or_media_type_settings_printing_software.dita reference → task (confidence=low)
2026-09-28 05:01:48,008 [INFO] pipeline.enrich_runner: [EnrichPipeline] [RECLASSIFIED] loading_paper/paper_source_settings_options.dita             reference → task (confidence=low)
2026-09-28 05:01:48,008 [INFO] pipeline.enrich_runner: [EnrichPipeline] [RECLASSIFIED] placing_originals_on_the_product/placing_originals_on_the_product.dita concept → topic (confidence=low)
2026-09-28 05:01:48,008 [INFO] pipeline.enrich_runner: [EnrichPipeline] [RECLASSIFIED] product_basics/entering_characters_on_the_lcd_screen.dita    concept → task (confidence=low)
2026-09-28 05:01:48,008 [INFO] pipeline.enrich_runner: [EnrichPipeline] [RECLASSIFIED] product_basics/product_basics.dita                           concept → topic (confidence=low)
2026-09-28 05:01:48,008 [INFO] pipeline.enrich_runner: [EnrichPipeline] [RECLASSIFIED] product_basics/product_parts_back.dita                       task → topic (confidence=low)
2026-09-28 05:01:48,008 [INFO] pipeline.enrich_runner: [EnrichPipeline] [RECLASSIFIED] product_basics/product_parts_front.dita                      task → topic (confidence=low)
2026-09-28 05:01:48,008 [INFO] pipeline.enrich_runner: [EnrichPipeline] [RECLASSIFIED] product_basics/product_parts_inside.dita                     task → topic (confidence=low)
2026-09-28 05:01:48,008 [INFO] pipeline.enrich_runner: [EnrichPipeline] [RECLASSIFIED] product_basics/product_parts_locations.dita                  concept → topic (confidence=low)
2026-09-28 05:01:48,008 [INFO] pipeline.enrich_runner: [EnrichPipeline] [RECLASSIFIED] product_basics/status_icon_information.dita                  reference → concept (confidence=low)
2026-09-28 05:01:48,008 [INFO] pipeline.enrich_runner: [EnrichPipeline] [RECLASSIFIED] product_basics/the_lcd_screen.dita                           task → topic (confidence=low)
2026-09-28 05:01:48,008 [INFO] pipeline.enrich_runner: [EnrichPipeline] [RECLASSIFIED] product_basics/using_power_saving_settings.dita              concept → task (confidence=low)
2026-09-28 05:01:48,008 [INFO] pipeline.enrich_runner: [EnrichPipeline] [RECLASSIFIED] refilling_ink/checking_ink_levels_windows.dita               task → concept (confidence=low)
2026-09-28 05:01:48,009 [INFO] pipeline.enrich_runner: [EnrichPipeline] [RECLASSIFIED] refilling_ink/ink_bottle_part_numbers.dita                   reference → topic (confidence=low)
2026-09-28 05:01:48,009 [INFO] pipeline.enrich_runner: [EnrichPipeline] ══ AFTER ENRICHMENT ═══════════════════════════════
2026-09-28 05:01:48,009 [INFO] pipeline.enrich_runner: [EnrichPipeline] [AFTER]  adjusting_print_quality/adjusting_print_quality.dita type=task       shortdesc='If your print quality declines, you may need to run a utility to clean…'
2026-09-28 05:01:48,009 [INFO] pipeline.enrich_runner: [EnrichPipeline]          keywords=['print', 'Adjusting', 'Print', 'Quality', 'clean', 'quality'] | indexterms=['print', 'Adjusting', 'Print']
2026-09-28 05:01:48,009 [INFO] pipeline.enrich_runner: [EnrichPipeline] [AFTER]  adjusting_print_quality/aligning_the_print_head_using_the_product_control_panel.dita type=task       shortdesc='You can align the print head using the control panel on your product.'
2026-09-28 05:01:48,009 [INFO] pipeline.enrich_runner: [EnrichPipeline]          keywords=['placeholder', 'button', 'Alignment', 'Print', 'Head', 'Press'] | indexterms=['placeholder', 'button', 'Alignment']
2026-09-28 05:01:48,009 [INFO] pipeline.enrich_runner: [EnrichPipeline] [AFTER]  adjusting_print_quality/checking_the_nozzles_using_a_computer_utility.dita type=task       shortdesc='You can check the print head nozzles using a utility on your Windows o…'
2026-09-28 05:01:48,009 [INFO] pipeline.enrich_runner: [EnrichPipeline]          keywords=['placeholder', 'Print', 'click', 'Utility', 'print', 'Windows'] | indexterms=['placeholder', 'Print', 'click']
2026-09-28 05:01:48,009 [INFO] pipeline.enrich_runner: [EnrichPipeline] [AFTER]  adjusting_print_quality/checking_the_nozzles_using_the_product_control_panel.dita type=concept    shortdesc='You can check the print head nozzles using the control panel on your p…'
2026-09-28 05:01:48,009 [INFO] pipeline.enrich_runner: [EnrichPipeline]          keywords=['print', 'placeholder', 'button', 'there', 'check', 'product'] | indexterms=['print', 'placeholder', 'button']
2026-09-28 05:01:48,009 [INFO] pipeline.enrich_runner: [EnrichPipeline] [AFTER]  adjusting_print_quality/checking_the_number_of_sheets_fed.dita type=concept    shortdesc='You can view an option that displays the number of sheets of paper tha…'
2026-09-28 05:01:48,009 [INFO] pipeline.enrich_runner: [EnrichPipeline]          keywords=['Checking', 'Number', 'Sheets', 'number', 'sheets', 'paper'] | indexterms=['Checking', 'Number', 'Sheets']
2026-09-28 05:01:48,009 [INFO] pipeline.enrich_runner: [EnrichPipeline] [AFTER]  adjusting_print_quality/checking_the_number_of_sheets_on_the_lcd_screen.dita type=task       shortdesc='You can view the total number of prints, black-and-white prints, and c…'
2026-09-28 05:01:48,009 [INFO] pipeline.enrich_runner: [EnrichPipeline]          keywords=['prints', 'Checking', 'Number', 'Sheets', 'Screen', 'number'] | indexterms=['prints', 'Checking', 'Number']
2026-09-28 05:01:48,009 [INFO] pipeline.enrich_runner: [EnrichPipeline] [AFTER]  adjusting_print_quality/checking_the_sheet_counter_mac.dita type=task       shortdesc='You see this window:'
2026-09-28 05:01:48,010 [INFO] pipeline.enrich_runner: [EnrichPipeline]          keywords=['select', 'Select', 'Checking', 'Sheet', 'Counter', 'Print'] | indexterms=['select', 'Select', 'Checking']
2026-09-28 05:01:48,010 [INFO] pipeline.enrich_runner: [EnrichPipeline] [AFTER]  adjusting_print_quality/checking_the_sheet_counter_windows.dita type=task       shortdesc='You can check the number of sheets of paper that have fed through the …'
2026-09-28 05:01:48,010 [INFO] pipeline.enrich_runner: [EnrichPipeline]          keywords=['Windows', 'click', 'placeholder', 'number', 'sheets', 'right'] | indexterms=['Windows', 'click', 'placeholder']
2026-09-28 05:01:48,010 [INFO] pipeline.enrich_runner: [EnrichPipeline] [AFTER]  adjusting_print_quality/cleaning_the_paper_guide.dita type=task       shortdesc='If you see ink on the back of a printout, you can clean the paper'
2026-09-28 05:01:48,010 [INFO] pipeline.enrich_runner: [EnrichPipeline]          keywords=['paper', 'placeholder', 'clean', 'scanner', 'Cleaning', 'Paper'] | indexterms=['paper', 'placeholder', 'clean']
2026-09-28 05:01:48,010 [INFO] pipeline.enrich_runner: [EnrichPipeline] [AFTER]  adjusting_print_quality/cleaning_the_print_head_path.dita type=task       shortdesc='If the print quality has not improved after cleaning and aligning the …'
2026-09-28 05:01:48,010 [INFO] pipeline.enrich_runner: [EnrichPipeline]          keywords=['placeholder', 'print', 'product', 'translucent', 'clean', 'scanner'] | indexterms=['placeholder', 'print', 'product']
2026-09-28 05:01:48,010 [INFO] pipeline.enrich_runner: [EnrichPipeline] [AFTER]  adjusting_print_quality/cleaning_the_print_head_using_a_computer_utility.dita type=task       shortdesc='You can clean the print head using a utility on your Windows or Mac co…'
2026-09-28 05:01:48,010 [INFO] pipeline.enrich_runner: [EnrichPipeline]          keywords=['placeholder', 'Print', 'click', 'cleaning', 'Cleaning', 'print'] | indexterms=['placeholder', 'Print', 'click']
2026-09-28 05:01:48,010 [INFO] pipeline.enrich_runner: [EnrichPipeline] [AFTER]  adjusting_print_quality/cleaning_the_print_head_using_the_product_control_panel.dita type=task       shortdesc='You can clean the print head nozzles using the control panel on your p…'
2026-09-28 05:01:48,010 [INFO] pipeline.enrich_runner: [EnrichPipeline]          keywords=['placeholder', 'cleaning', 'print', 'Cleaning', 'Print', 'clean'] | indexterms=['placeholder', 'cleaning', 'print']
2026-09-28 05:01:48,010 [INFO] pipeline.enrich_runner: [EnrichPipeline] [AFTER]  adjusting_print_quality/power_cleaning.dita        type=task       shortdesc='If you still see white or dark lines or missing nozzles in your printo…'
2026-09-28 05:01:48,010 [INFO] pipeline.enrich_runner: [EnrichPipeline]          keywords=['Power', 'Cleaning', 'running', 'product', 'after', 'least'] | indexterms=['Power', 'Cleaning', 'running']
2026-09-28 05:01:48,010 [INFO] pipeline.enrich_runner: [EnrichPipeline] [AFTER]  adjusting_print_quality/power_cleaning_using_a_computer_utility.dita type=task       shortdesc='You can run a Power Cleaning using a utility on your Windows or Mac co…'
2026-09-28 05:01:48,010 [INFO] pipeline.enrich_runner: [EnrichPipeline]          keywords=['Cleaning', 'Power', 'Utility', 'Windows', 'product', 'click'] | indexterms=['Cleaning', 'Power', 'Utility']
2026-09-28 05:01:48,011 [INFO] pipeline.enrich_runner: [EnrichPipeline] [AFTER]  adjusting_print_quality/power_cleaning_using_the_product_control_panel.dita type=task       shortdesc='You can run a Power Cleaning using the control panel on your product.'
2026-09-28 05:01:48,011 [INFO] pipeline.enrich_runner: [EnrichPipeline]          keywords=['Cleaning', 'Power', 'product', 'least', 'running', 'check'] | indexterms=['Cleaning', 'Power', 'product']
2026-09-28 05:01:48,011 [INFO] pipeline.enrich_runner: [EnrichPipeline] [AFTER]  adjusting_print_quality/print_head_alignment.dita  type=topic      shortdesc='If your printouts become grainy or blurry, you notice misalignment of …'
2026-09-28 05:01:48,011 [INFO] pipeline.enrich_runner: [EnrichPipeline]          keywords=['Print', 'Head', 'Alignment', 'print', 'printouts', 'become'] | indexterms=['Print', 'Head', 'Alignment']
2026-09-28 05:01:48,011 [INFO] pipeline.enrich_runner: [EnrichPipeline] [AFTER]  adjusting_print_quality/print_head_cleaning.dita   type=concept    shortdesc='If print quality has declined and the nozzle check pattern indicates c…'
2026-09-28 05:01:48,011 [INFO] pipeline.enrich_runner: [EnrichPipeline]          keywords=['print', 'clean', 'Print', 'Head', 'Cleaning', 'level'] | indexterms=['print', 'clean', 'Print']
2026-09-28 05:01:48,011 [INFO] pipeline.enrich_runner: [EnrichPipeline] [AFTER]  adjusting_print_quality/print_head_maintenance.dita type=task       shortdesc='If your printouts become too light, or you see dark or light bands acr…'
2026-09-28 05:01:48,011 [INFO] pipeline.enrich_runner: [EnrichPipeline]          keywords=['clean', 'print', 'nozzles', 'Print', 'Head', 'Maintenance'] | indexterms=['clean', 'print', 'nozzles']
2026-09-28 05:01:48,011 [INFO] pipeline.enrich_runner: [EnrichPipeline] [AFTER]  adjusting_print_quality/print_head_nozzle_check.dita type=topic      shortdesc='You can print a nozzle check pattern to check for clogged nozzles.'
2026-09-28 05:01:48,011 [INFO] pipeline.enrich_runner: [EnrichPipeline]          keywords=['Print', 'Head', 'Nozzle', 'Check', 'check', 'print'] | indexterms=['Print', 'Head', 'Nozzle']
2026-09-28 05:01:48,011 [INFO] pipeline.enrich_runner: [EnrichPipeline] [AFTER]  cleaning_and_transporting_your_product/cleaning_and_transporting_your_product.dita type=topic      shortdesc='See these sections if you need to clean or transport your product.'
2026-09-28 05:01:48,011 [INFO] pipeline.enrich_runner: [EnrichPipeline]          keywords=['Cleaning', 'Transporting', 'Your', 'Product', 'these', 'sections'] | indexterms=['Cleaning', 'Transporting', 'Your']
2026-09-28 05:01:48,011 [INFO] pipeline.enrich_runner: [EnrichPipeline] [AFTER]  cleaning_and_transporting_your_product/cleaning_your_product.dita type=task       shortdesc='To keep your product working at its best, you should clean it several …'
2026-09-28 05:01:48,011 [INFO] pipeline.enrich_runner: [EnrichPipeline]          keywords=['product', 'glass', 'clean', 'inside', 'cloth', 'moistened'] | indexterms=['product', 'glass', 'clean']
2026-09-28 05:01:48,011 [INFO] pipeline.enrich_runner: [EnrichPipeline] [AFTER]  cleaning_and_transporting_your_product/copyright_notice.dita type=concept    shortdesc='All rights reserved. No part of this publication may be reproduced, st…'
2026-09-28 05:01:48,012 [INFO] pipeline.enrich_runner: [EnrichPipeline]          keywords=['MetR', 'Copyright', 'Notice', 'information', 'rights', 'reserved'] | indexterms=['MetR', 'Copyright', 'Notice']
2026-09-28 05:01:48,012 [INFO] pipeline.enrich_runner: [EnrichPipeline] [AFTER]  cleaning_and_transporting_your_product/transporting_your_product.dita type=task       shortdesc='If you need to store your product or transport it some distance, prepa…'
2026-09-28 05:01:48,012 [INFO] pipeline.enrich_runner: [EnrichPipeline]          keywords=['placeholder', 'product', 'print', 'bottle', 'power', 'scanner'] | indexterms=['placeholder', 'product', 'print']
2026-09-28 05:01:48,012 [INFO] pipeline.enrich_runner: [EnrichPipeline] [AFTER]  copying/copying.dita                               type=topic      shortdesc='See the information here to copy documents or photos using your produc…'
2026-09-28 05:01:48,012 [INFO] pipeline.enrich_runner: [EnrichPipeline]          keywords=['Copying', 'information', 'documents', 'photos', 'using', 'product'] | indexterms=['Copying', 'information', 'documents']
2026-09-28 05:01:48,012 [INFO] pipeline.enrich_runner: [EnrichPipeline] [AFTER]  copying/copying_documents_or_photos.dita           type=task       shortdesc='You can copy documents or photos onto various sizes and types of paper…'
2026-09-28 05:01:48,012 [INFO] pipeline.enrich_runner: [EnrichPipeline]          keywords=['button', 'placeholder', 'press', 'Press', 'arrow', 'print'] | indexterms=['button', 'placeholder', 'press']
2026-09-28 05:01:48,012 [INFO] pipeline.enrich_runner: [EnrichPipeline] [AFTER]  copying/copying_options.dita                       type=task       shortdesc='eawsgydgygDGDGYASDGYFGG'
2026-09-28 05:01:48,012 [INFO] pipeline.enrich_runner: [EnrichPipeline]          keywords=['original', 'Size', 'amount', 'Copying', 'Copies', 'Custom'] | indexterms=['original', 'Size', 'amount']
2026-09-28 05:01:48,012 [INFO] pipeline.enrich_runner: [EnrichPipeline] [AFTER]  loading_paper/borderless_paper_type_compatibility.dita type=concept    shortdesc='You can print borderless photos on compatible paper types in compatibl…'
2026-09-28 05:01:48,012 [INFO] pipeline.enrich_runner: [EnrichPipeline]          keywords=['Paper', 'MetR', 'Premium', 'Photo', 'inches', 'Borderless'] | indexterms=['Paper', 'MetR', 'Premium']
2026-09-28 05:01:48,012 [INFO] pipeline.enrich_runner: [EnrichPipeline] [AFTER]  loading_paper/compatible_metr_papers.dita          type=concept    shortdesc='You can purchase genuine MetR ink and paper at metR.com (U.S. sales) o…'
2026-09-28 05:01:48,012 [INFO] pipeline.enrich_runner: [EnrichPipeline]          keywords=['inches', 'MetR', 'Paper', 'Letter', 'Premium', 'Photo'] | indexterms=['inches', 'MetR', 'Paper']
2026-09-28 05:01:48,012 [INFO] pipeline.enrich_runner: [EnrichPipeline] [AFTER]  loading_paper/double_sided_printing_capacity.dita  type=concept    shortdesc='You can print double-sided using Auto or Manual mode on the following …'
2026-09-28 05:01:48,012 [INFO] pipeline.enrich_runner: [EnrichPipeline]          keywords=['Paper', 'MetR', 'inches', 'Premium', 'sided', 'paper'] | indexterms=['Paper', 'MetR', 'inches']
2026-09-28 05:01:48,013 [INFO] pipeline.enrich_runner: [EnrichPipeline] [AFTER]  loading_paper/loading_paper.dita                   type=topic      shortdesc='Before you print, load paper for the type of printing you will do.'
2026-09-28 05:01:48,013 [INFO] pipeline.enrich_runner: [EnrichPipeline]          keywords=['Loading', 'Paper', 'Before', 'print', 'paper', 'printing'] | indexterms=['Loading', 'Paper', 'Before']
2026-09-28 05:01:48,013 [INFO] pipeline.enrich_runner: [EnrichPipeline] [AFTER]  loading_paper/loading_paper_in_the_rear_paper_feeder.dita type=concept    shortdesc='You can print documents and photos on a variety of paper types and siz…'
2026-09-28 05:01:48,013 [INFO] pipeline.enrich_runner: [EnrichPipeline]          keywords=['paper', 'placeholder', 'loading', 'printing', 'first', 'Load'] | indexterms=['paper', 'placeholder', 'loading']
2026-09-28 05:01:48,013 [INFO] pipeline.enrich_runner: [EnrichPipeline] [AFTER]  loading_paper/paper_loading_capacity.dita          type=concept    shortdesc='See the table here for the loading capacity of the rear paper feeder.'
2026-09-28 05:01:48,013 [INFO] pipeline.enrich_runner: [EnrichPipeline]          keywords=['Paper', 'inches', 'MetR', 'Premium', 'paper', 'Photo'] | indexterms=['Paper', 'inches', 'MetR']
2026-09-28 05:01:48,013 [INFO] pipeline.enrich_runner: [EnrichPipeline] [AFTER]  loading_paper/paper_or_media_type_settings_control_panel.dita type=task       shortdesc='For this paper Select this paper Type or Media Type setting Plain pape…'
2026-09-28 05:01:48,013 [INFO] pipeline.enrich_runner: [EnrichPipeline]          keywords=['Paper', 'MetR', 'Premium', 'Glossy', 'Photo', 'Matte'] | indexterms=['Paper', 'MetR', 'Premium']
2026-09-28 05:01:48,013 [INFO] pipeline.enrich_runner: [EnrichPipeline] [AFTER]  loading_paper/paper_or_media_type_settings_printing_software.dita type=task       shortdesc='For this paper Select this paper Type or Media Type setting Plain pape…'
2026-09-28 05:01:48,013 [INFO] pipeline.enrich_runner: [EnrichPipeline]          keywords=['Paper', 'MetR', 'Premium', 'Photo', 'Glossy', 'Type'] | indexterms=['Paper', 'MetR', 'Premium']
2026-09-28 05:01:48,013 [INFO] pipeline.enrich_runner: [EnrichPipeline] [AFTER]  loading_paper/paper_source_settings_options.dita   type=task       shortdesc='Select the paper source options you want to use for your print jobs.'
2026-09-28 05:01:48,013 [INFO] pipeline.enrich_runner: [EnrichPipeline]          keywords=['paper', 'Paper', 'Select', 'Source', 'Settings', 'selected'] | indexterms=['paper', 'Paper', 'Select']
2026-09-28 05:01:48,013 [INFO] pipeline.enrich_runner: [EnrichPipeline] [AFTER]  loading_paper/selecting_the_default_paper_source_settings.dita type=task       shortdesc='You can change default paper source settings using the control panel o…'
2026-09-28 05:01:48,013 [INFO] pipeline.enrich_runner: [EnrichPipeline]          keywords=['Settings', 'error', 'Paper', 'Source', 'Select', 'occurs'] | indexterms=['Settings', 'error', 'Paper']
2026-09-28 05:01:48,013 [INFO] pipeline.enrich_runner: [EnrichPipeline] [AFTER]  loading_paper/selecting_the_paper_settings_control_panel.dita type=task       shortdesc='You can change the default paper size and paper type using the control…'
2026-09-28 05:01:48,014 [INFO] pipeline.enrich_runner: [EnrichPipeline]          keywords=['Paper', 'Select', 'paper', 'Settings', 'placeholder', 'Selecting'] | indexterms=['Paper', 'Select', 'paper']
2026-09-28 05:01:48,014 [INFO] pipeline.enrich_runner: [EnrichPipeline] [AFTER]  placing_originals_on_the_product/placing_originals_on_the_product.dita type=topic      shortdesc='Follow the instructions here to place your original documents or photo…'
2026-09-28 05:01:48,014 [INFO] pipeline.enrich_runner: [EnrichPipeline]          keywords=['Placing', 'Originals', 'Product', 'place', 'product', 'Follow'] | indexterms=['Placing', 'Originals', 'Product']
2026-09-28 05:01:48,014 [INFO] pipeline.enrich_runner: [EnrichPipeline] [AFTER]  placing_originals_on_the_product/placing_originals_on_the_scanner_glass.dita type=task       shortdesc='You can place originals up to this size on the scanner glass: Letter (…'
2026-09-28 05:01:48,014 [INFO] pipeline.enrich_runner: [EnrichPipeline]          keywords=['glass', 'scanner', 'placeholder', 'original', 'originals', 'Originals'] | indexterms=['glass', 'scanner', 'placeholder']
2026-09-28 05:01:48,014 [INFO] pipeline.enrich_runner: [EnrichPipeline] [AFTER]  product_basics/changing_lcd_screen_language.dita   type=task       shortdesc='You can change the language used on the LCD screen.'
2026-09-28 05:01:48,014 [INFO] pipeline.enrich_runner: [EnrichPipeline]          keywords=['Language', 'button', 'Changing', 'Screen', 'language', 'Press'] | indexterms=['Language', 'button', 'Changing']
2026-09-28 05:01:48,014 [INFO] pipeline.enrich_runner: [EnrichPipeline] [AFTER]  product_basics/changing_the_power_off_timer_setting_from_the_control_panel.dita type=task       shortdesc='You can use the product's control panel to change the time period befo…'
2026-09-28 05:01:48,014 [INFO] pipeline.enrich_runner: [EnrichPipeline]          keywords=['Power', 'Timer', 'button', 'Changing', 'Setting', 'Control'] | indexterms=['Power', 'Timer', 'button']
2026-09-28 05:01:48,014 [INFO] pipeline.enrich_runner: [EnrichPipeline] [AFTER]  product_basics/changing_the_sleep_timer_setting_from_the_control_panel.dita type=task       shortdesc='You can use the product's control panel to change the time period befo…'
2026-09-28 05:01:48,014 [INFO] pipeline.enrich_runner: [EnrichPipeline]          keywords=['button', 'product', 'Sleep', 'Timer', 'before', 'Press'] | indexterms=['button', 'product', 'Sleep']
2026-09-28 05:01:48,014 [INFO] pipeline.enrich_runner: [EnrichPipeline] [AFTER]  product_basics/entering_characters_on_the_lcd_screen.dita type=task       shortdesc='Follow these guidelines to enter characters for passwords and other se…'
2026-09-28 05:01:48,014 [INFO] pipeline.enrich_runner: [EnrichPipeline]          keywords=['placeholder', 'select', 'press', 'Entering', 'Characters', 'Screen'] | indexterms=['placeholder', 'select', 'press']
2026-09-28 05:01:48,014 [INFO] pipeline.enrich_runner: [EnrichPipeline] [AFTER]  product_basics/product_basics.dita                 type=topic      shortdesc='See these sections to learn about the basic features of your product.'
2026-09-28 05:01:48,014 [INFO] pipeline.enrich_runner: [EnrichPipeline]          keywords=['Product', 'Basics', 'these', 'sections', 'learn', 'about'] | indexterms=['Product', 'Basics', 'these']
2026-09-28 05:01:48,015 [INFO] pipeline.enrich_runner: [EnrichPipeline] [AFTER]  product_basics/product_parts_back.dita             type=topic      shortdesc='placeholder placeholder placeholder placeholder placeholder placeholde…'
2026-09-28 05:01:48,015 [INFO] pipeline.enrich_runner: [EnrichPipeline]          keywords=['placeholder', 'Product', 'Parts', 'Back', 'Rear', 'cover'] | indexterms=['placeholder', 'Product', 'Parts']
2026-09-28 05:01:48,015 [INFO] pipeline.enrich_runner: [EnrichPipeline] [AFTER]  product_basics/product_parts_front.dita            type=topic      shortdesc='placeholder placeholder'
2026-09-28 05:01:48,015 [INFO] pipeline.enrich_runner: [EnrichPipeline]          keywords=['Product', 'Parts', 'Front', 'placeholder', 'Rear', 'paper'] | indexterms=['Product', 'Parts', 'Front']
2026-09-28 05:01:48,015 [INFO] pipeline.enrich_runner: [EnrichPipeline] [AFTER]  product_basics/product_parts_inside.dita           type=topic      shortdesc='placeholder placeholder placeholder placeholder placeholder placeholde…'
2026-09-28 05:01:48,015 [INFO] pipeline.enrich_runner: [EnrichPipeline]          keywords=['placeholder', 'Product', 'Parts', 'Inside', 'cover', 'Scanner'] | indexterms=['placeholder', 'Product', 'Parts']
2026-09-28 05:01:48,015 [INFO] pipeline.enrich_runner: [EnrichPipeline] [AFTER]  product_basics/product_parts_locations.dita        type=topic      shortdesc='See these sections to identify the parts on your product.'
2026-09-28 05:01:48,015 [INFO] pipeline.enrich_runner: [EnrichPipeline]          keywords=['Product', 'Parts', 'Locations', 'these', 'sections', 'identify'] | indexterms=['Product', 'Parts', 'Locations']
2026-09-28 05:01:48,015 [INFO] pipeline.enrich_runner: [EnrichPipeline] [AFTER]  product_basics/status_icon_information.dita        type=concept    shortdesc='Your product displays status icons on the LCD screen for certain produ…'
2026-09-28 05:01:48,015 [INFO] pipeline.enrich_runner: [EnrichPipeline]          keywords=['placeholder', 'product', 'wireless', 'network', 'Status', 'Icon'] | indexterms=['placeholder', 'product', 'wireless']
2026-09-28 05:01:48,015 [INFO] pipeline.enrich_runner: [EnrichPipeline] [AFTER]  product_basics/the_lcd_screen.dita                 type=topic      shortdesc='placeholder placeholder placeholder'
2026-09-28 05:01:48,015 [INFO] pipeline.enrich_runner: [EnrichPipeline]          keywords=['placeholder', 'Screen', 'Displays', 'button', 'network', 'connection'] | indexterms=['placeholder', 'Screen', 'Displays']
2026-09-28 05:01:48,015 [INFO] pipeline.enrich_runner: [EnrichPipeline] [AFTER]  product_basics/using_power_saving_settings.dita    type=task       shortdesc='Your product enters sleep mode automatically and turns off the LCD scr…'
2026-09-28 05:01:48,015 [INFO] pipeline.enrich_runner: [EnrichPipeline]          keywords=['Using', 'Power', 'Saving', 'Settings', 'period', 'Your'] | indexterms=['Using', 'Power', 'Saving']
2026-09-28 05:01:48,015 [INFO] pipeline.enrich_runner: [EnrichPipeline] [AFTER]  product_basics/using_the_control_panel.dita        type=task       shortdesc='See these sections to learn about the control panel and select control…'
2026-09-28 05:01:48,015 [INFO] pipeline.enrich_runner: [EnrichPipeline]          keywords=['placeholder', 'button', 'Control', 'Panel', 'Using', 'control'] | indexterms=['placeholder', 'button', 'Control']
2026-09-28 05:01:48,016 [INFO] pipeline.enrich_runner: [EnrichPipeline] [AFTER]  product_basics/viewing_animations.dita             type=task       shortdesc='You can view animations on the LCD screen to help guide you with a pro…'
2026-09-28 05:01:48,016 [INFO] pipeline.enrich_runner: [EnrichPipeline]          keywords=['Viewing', 'Animations', 'screen', 'problem', 'Select', 'instructions'] | indexterms=['Viewing', 'Animations', 'screen']
2026-09-28 05:01:48,016 [INFO] pipeline.enrich_runner: [EnrichPipeline] [AFTER]  refilling_ink/check_ink_levels.dita                type=concept    shortdesc='Your product and its printing software will let you know when an ink t…'
2026-09-28 05:01:48,016 [INFO] pipeline.enrich_runner: [EnrichPipeline]          keywords=['Check', 'Levels', 'Your', 'product', 'printing', 'software'] | indexterms=['Check', 'Levels', 'Your']
2026-09-28 05:01:48,016 [INFO] pipeline.enrich_runner: [EnrichPipeline] [AFTER]  refilling_ink/checking_ink_levels_mac.dita         type=task       shortdesc='You can check your ink levels using a utility on your Mac.'
2026-09-28 05:01:48,016 [INFO] pipeline.enrich_runner: [EnrichPipeline]          keywords=['levels', 'select', 'Select', 'product', 'Checking', 'Levels'] | indexterms=['levels', 'select', 'Select']
2026-09-28 05:01:48,016 [INFO] pipeline.enrich_runner: [EnrichPipeline] [AFTER]  refilling_ink/checking_ink_levels_on_your_product.dita type=concept    shortdesc='To confirm the actual ink levels, visually check the ink levels in the…'
2026-09-28 05:01:48,016 [INFO] pipeline.enrich_runner: [EnrichPipeline]          keywords=['tanks', 'levels', 'product', 'lower', 'system', 'Checking'] | indexterms=['tanks', 'levels', 'product']
2026-09-28 05:01:48,016 [INFO] pipeline.enrich_runner: [EnrichPipeline] [AFTER]  refilling_ink/checking_ink_levels_windows.dita     type=concept    shortdesc='A low ink reminder appears if you try to print when ink is low, and'
2026-09-28 05:01:48,016 [INFO] pipeline.enrich_runner: [EnrichPipeline]          keywords=['Windows', 'levels', 'placeholder', 'check', 'click', 'product'] | indexterms=['Windows', 'levels', 'placeholder']
2026-09-28 05:01:48,016 [INFO] pipeline.enrich_runner: [EnrichPipeline] [AFTER]  refilling_ink/disabling_special_offers_with_windows.dita type=task       shortdesc='You can disable special offers messages from MetR using a utility on y…'
2026-09-28 05:01:48,016 [INFO] pipeline.enrich_runner: [EnrichPipeline]          keywords=['Windows', 'placeholder', 'Offers', 'right', 'click', 'Disabling'] | indexterms=['Windows', 'placeholder', 'Offers']
2026-09-28 05:01:48,016 [INFO] pipeline.enrich_runner: [EnrichPipeline] [AFTER]  refilling_ink/ink_bottle_part_numbers.dita         type=topic      shortdesc='Use these part numbers when you order or purchase new ink bottles, and…'
2026-09-28 05:01:48,016 [INFO] pipeline.enrich_runner: [EnrichPipeline]          keywords=['Part', 'Bottle', 'Numbers', 'these', 'numbers', 'order'] | indexterms=['Part', 'Bottle', 'Numbers']
2026-09-28 05:01:48,016 [INFO] pipeline.enrich_runner: [EnrichPipeline] [AFTER]  refilling_ink/ink_safety_precautions.dita          type=concept    shortdesc='As a precaution, perform regular visual inspections of the ink tanks t…'
2026-09-28 05:01:48,017 [INFO] pipeline.enrich_runner: [EnrichPipeline]          keywords=['product', 'bottles', 'bottle', 'tanks', 'print', 'levels'] | indexterms=['product', 'bottles', 'bottle']
2026-09-28 05:01:48,017 [INFO] pipeline.enrich_runner: [EnrichPipeline] [AFTER]  refilling_ink/purchase_metr_ink.dita               type=concept    shortdesc='You can purchase genuine MetR ink and paper at metR.com (U.S. sales) o…'
2026-09-28 05:01:48,017 [INFO] pipeline.enrich_runner: [EnrichPipeline]          keywords=['MetR', 'printer', 'bottles', 'Purchase', 'purchase', 'paper'] | indexterms=['MetR', 'printer', 'bottles']
2026-09-28 05:01:48,017 [INFO] pipeline.enrich_runner: [EnrichPipeline] [AFTER]  refilling_ink/refilling_ink.dita                   type=concept    shortdesc='When the ink level is below the lower line on an ink tank, you need'
2026-09-28 05:01:48,017 [INFO] pipeline.enrich_runner: [EnrichPipeline]          keywords=['level', 'below', 'lower', 'Refilling', 'product', 'When'] | indexterms=['level', 'below', 'lower']
2026-09-28 05:01:48,017 [INFO] pipeline.enrich_runner: [EnrichPipeline] [AFTER]  refilling_ink/refilling_the_ink_tanks.dita         type=task       shortdesc='Make sure you have new ink bottles handy and have read the ink safety …'
2026-09-28 05:01:48,017 [INFO] pipeline.enrich_runner: [EnrichPipeline]          keywords=['bottle', 'placeholder', 'product', 'tanks', 'color', 'close'] | indexterms=['bottle', 'placeholder', 'product']
2026-09-28 05:01:48,017 [INFO] pipeline.enrich_runner: [EnrichPipeline] Alt text — filled=0, skipped=0
2026-09-28 05:01:48,021 [INFO] pipeline.enrich_runner: [EnrichPipeline] ── Layer 5: Quality Review ──
2026-09-28 05:01:48,026 [INFO] layers.layer5_quality_autofix: L4 › adjusting_print_quality/adjusting_print_quality.dita
2026-09-28 05:01:48,026 [INFO] layers.layer5_quality_autofix: L4 › adjusting_print_quality/aligning_the_print_head_using_the_product_control_panel.dita
2026-09-28 05:01:48,026 [INFO] layers.layer5_quality_autofix: L4 › adjusting_print_quality/checking_the_nozzles_using_a_computer_utility.dita
2026-09-28 05:01:48,026 [INFO] layers.layer5_quality_autofix: L4 › adjusting_print_quality/checking_the_nozzles_using_the_product_control_panel.dita
2026-09-28 05:01:48,026 [INFO] layers.layer5_quality_autofix: L4 › adjusting_print_quality/checking_the_number_of_sheets_fed.dita
2026-09-28 05:01:48,026 [INFO] layers.layer5_quality_autofix: L4 › adjusting_print_quality/checking_the_number_of_sheets_on_the_lcd_screen.dita
2026-09-28 05:01:48,027 [INFO] layers.layer5_quality_autofix: L4 › adjusting_print_quality/checking_the_sheet_counter_mac.dita
2026-09-28 05:01:48,027 [INFO] layers.layer5_quality_autofix: L4 › adjusting_print_quality/checking_the_sheet_counter_windows.dita
2026-09-28 05:01:48,027 [INFO] layers.layer5_quality_autofix: L4 › adjusting_print_quality/cleaning_the_paper_guide.dita
2026-09-28 05:01:48,027 [INFO] layers.layer5_quality_autofix: L4 › adjusting_print_quality/cleaning_the_print_head_path.dita
2026-09-28 05:01:48,027 [INFO] layers.layer5_quality_autofix: L4 › adjusting_print_quality/cleaning_the_print_head_using_a_computer_utility.dita
2026-09-28 05:01:48,027 [INFO] layers.layer5_quality_autofix: L4 › adjusting_print_quality/cleaning_the_print_head_using_the_product_control_panel.dita
2026-09-28 05:01:48,028 [INFO] layers.layer5_quality_autofix: L4 › adjusting_print_quality/power_cleaning.dita
2026-09-28 05:01:48,028 [INFO] layers.layer5_quality_autofix: L4 › adjusting_print_quality/power_cleaning_using_a_computer_utility.dita
2026-09-28 05:01:48,028 [INFO] layers.layer5_quality_autofix: L4 › adjusting_print_quality/power_cleaning_using_the_product_control_panel.dita
2026-09-28 05:01:48,028 [INFO] layers.layer5_quality_autofix: L4 › adjusting_print_quality/print_head_alignment.dita
2026-09-28 05:01:48,028 [INFO] layers.layer5_quality_autofix: L4 › adjusting_print_quality/print_head_cleaning.dita
2026-09-28 05:01:48,028 [INFO] layers.layer5_quality_autofix: L4 › adjusting_print_quality/print_head_maintenance.dita
2026-09-28 05:01:48,028 [INFO] layers.layer5_quality_autofix: L4 › adjusting_print_quality/print_head_nozzle_check.dita
2026-09-28 05:01:48,029 [INFO] layers.layer5_quality_autofix: L4 › cleaning_and_transporting_your_product/cleaning_and_transporting_your_product.dita
2026-09-28 05:01:48,029 [INFO] layers.layer5_quality_autofix: L4 › cleaning_and_transporting_your_product/cleaning_your_product.dita
2026-09-28 05:01:48,029 [INFO] layers.layer5_quality_autofix: L4 › cleaning_and_transporting_your_product/copyright_notice.dita
2026-09-28 05:01:48,029 [INFO] layers.layer5_quality_autofix: L4 › cleaning_and_transporting_your_product/transporting_your_product.dita
2026-09-28 05:01:48,029 [INFO] layers.layer5_quality_autofix: L4 › copying/copying.dita
2026-09-28 05:01:48,029 [INFO] layers.layer5_quality_autofix: L4 › copying/copying_documents_or_photos.dita
2026-09-28 05:01:48,029 [INFO] layers.layer5_quality_autofix: L4 › copying/copying_options.dita
2026-09-28 05:01:48,030 [INFO] layers.layer5_quality_autofix: L4 › loading_paper/borderless_paper_type_compatibility.dita
2026-09-28 05:01:48,030 [INFO] layers.layer5_quality_autofix: L4 › loading_paper/compatible_metr_papers.dita
2026-09-28 05:01:48,030 [INFO] layers.layer5_quality_autofix: L4 › loading_paper/double_sided_printing_capacity.dita
2026-09-28 05:01:48,030 [INFO] layers.layer5_quality_autofix: L4 › loading_paper/loading_paper.dita
2026-09-28 05:01:48,030 [INFO] layers.layer5_quality_autofix: L4 › loading_paper/loading_paper_in_the_rear_paper_feeder.dita
2026-09-28 05:01:48,030 [INFO] layers.layer5_quality_autofix: L4 › loading_paper/paper_loading_capacity.dita
2026-09-28 05:01:48,030 [INFO] layers.layer5_quality_autofix: L4 › loading_paper/paper_or_media_type_settings_control_panel.dita
2026-09-28 05:01:48,031 [INFO] layers.layer5_quality_autofix: L4 › loading_paper/paper_or_media_type_settings_printing_software.dita
2026-09-28 05:01:48,031 [INFO] layers.layer5_quality_autofix: L4 › loading_paper/paper_source_settings_options.dita
2026-09-28 05:01:48,031 [INFO] layers.layer5_quality_autofix: L4 › loading_paper/selecting_the_default_paper_source_settings.dita
2026-09-28 05:01:48,031 [INFO] layers.layer5_quality_autofix: L4 › loading_paper/selecting_the_paper_settings_control_panel.dita
2026-09-28 05:01:48,031 [INFO] layers.layer5_quality_autofix: L4 › placing_originals_on_the_product/placing_originals_on_the_product.dita
2026-09-28 05:01:48,031 [INFO] layers.layer5_quality_autofix: L4 › placing_originals_on_the_product/placing_originals_on_the_scanner_glass.dita
2026-09-28 05:01:48,031 [INFO] layers.layer5_quality_autofix: L4 › product_basics/changing_lcd_screen_language.dita
2026-09-28 05:01:48,032 [INFO] layers.layer5_quality_autofix: L4 › product_basics/changing_the_power_off_timer_setting_from_the_control_panel.dita
2026-09-28 05:01:48,032 [INFO] layers.layer5_quality_autofix: L4 › product_basics/changing_the_sleep_timer_setting_from_the_control_panel.dita
2026-09-28 05:01:48,032 [INFO] layers.layer5_quality_autofix: L4 › product_basics/entering_characters_on_the_lcd_screen.dita
2026-09-28 05:01:48,032 [INFO] layers.layer5_quality_autofix: L4 › product_basics/product_basics.dita
2026-09-28 05:01:48,032 [INFO] layers.layer5_quality_autofix: L4 › product_basics/product_parts_back.dita
2026-09-28 05:01:48,032 [INFO] layers.layer5_quality_autofix: L4 › product_basics/product_parts_front.dita
2026-09-28 05:01:48,032 [INFO] layers.layer5_quality_autofix: L4 › product_basics/product_parts_inside.dita
2026-09-28 05:01:48,032 [INFO] layers.layer5_quality_autofix: L4 › product_basics/product_parts_locations.dita
2026-09-28 05:01:48,033 [INFO] layers.layer5_quality_autofix: L4 › product_basics/status_icon_information.dita
2026-09-28 05:01:48,033 [INFO] layers.layer5_quality_autofix: L4 › product_basics/the_lcd_screen.dita
2026-09-28 05:01:48,033 [INFO] layers.layer5_quality_autofix: L4 › product_basics/using_power_saving_settings.dita
2026-09-28 05:01:48,033 [INFO] layers.layer5_quality_autofix: L4 › product_basics/using_the_control_panel.dita
2026-09-28 05:01:48,033 [INFO] layers.layer5_quality_autofix: L4 › product_basics/viewing_animations.dita
2026-09-28 05:01:48,033 [INFO] layers.layer5_quality_autofix: L4 › refilling_ink/check_ink_levels.dita
2026-09-28 05:01:48,033 [INFO] layers.layer5_quality_autofix: L4 › refilling_ink/checking_ink_levels_mac.dita
2026-09-28 05:01:48,034 [INFO] layers.layer5_quality_autofix: L4 › refilling_ink/checking_ink_levels_on_your_product.dita
2026-09-28 05:01:48,034 [INFO] layers.layer5_quality_autofix: L4 › refilling_ink/checking_ink_levels_windows.dita
2026-09-28 05:01:48,034 [INFO] layers.layer5_quality_autofix: L4 › refilling_ink/disabling_special_offers_with_windows.dita
2026-09-28 05:01:48,034 [INFO] layers.layer5_quality_autofix: L4 › refilling_ink/ink_bottle_part_numbers.dita
2026-09-28 05:01:48,034 [INFO] layers.layer5_quality_autofix: L4 › refilling_ink/ink_safety_precautions.dita
2026-09-28 05:01:48,034 [INFO] layers.layer5_quality_autofix: L4 › refilling_ink/purchase_metr_ink.dita
2026-09-28 05:01:48,034 [INFO] layers.layer5_quality_autofix: L4 › refilling_ink/refilling_ink.dita
2026-09-28 05:01:48,035 [INFO] layers.layer5_quality_autofix: L4 › refilling_ink/refilling_the_ink_tanks.dita
2026-09-28 05:01:48,035 [INFO] layers.layer5_quality_autofix: L4 › review 63/63 topics (0 skipped)
2026-09-28 05:01:48,297 [INFO] httpx2: HTTP Request: POST https://api.anthropic.com/v1/messages "HTTP/1.1 401 Unauthorized"
2026-09-28 05:01:48,298 [WARNING] layers.layer5_quality_autofix: L4 ✗ review: Error code: 401 - {'type': 'error', 'error': {'type': 'authentication_error', 'message': 'API key is invalid.'}, 'request_id': None}
2026-09-28 05:01:48,298 [INFO] pipeline.enrich_runner: [EnrichPipeline] Layer 5 review — quality=fair, accuracy=0%
2026-09-28 05:01:48,298 [INFO] pipeline.enrich_runner: [EnrichPipeline] ── Layer 5: Autofix ──
2026-09-28 05:01:48,298 [INFO] layers.layer5_quality_autofix: L4 › autofix: 0 broken
2026-09-28 05:01:48,303 [INFO] pipeline.enrich_runner: [EnrichPipeline] Layer 5 autofix — fixed=0, flagged=0, failed=0
2026-09-28 05:01:48,303 [INFO] pipeline.enrich_runner: [EnrichPipeline] ── Layer 6: Final Validation ──
2026-09-28 05:01:48,303 [INFO] layers.layer6_final_validation: L5 ── structural validation start
2026-09-28 05:01:48,304 [INFO] layers.layer6_final_validation: L5 ⚠ adjusting_print_quality/adjusting_print_quality.dita — 1 issue(s)
2026-09-28 05:01:48,305 [INFO] layers.layer6_final_validation: L5 ⚠ adjusting_print_quality/aligning_the_print_head_using_the_product_control_panel.dita — 1 issue(s)
2026-09-28 05:01:48,306 [INFO] layers.layer6_final_validation: L5 ⚠ adjusting_print_quality/checking_the_nozzles_using_a_computer_utility.dita — 1 issue(s)
2026-09-28 05:01:48,307 [INFO] layers.layer6_final_validation: L5 ⚠ adjusting_print_quality/checking_the_nozzles_using_the_product_control_panel.dita — 1 issue(s)
2026-09-28 05:01:48,308 [INFO] layers.layer6_final_validation: L5 ⚠ adjusting_print_quality/checking_the_number_of_sheets_fed.dita — 1 issue(s)
2026-09-28 05:01:48,309 [INFO] layers.layer6_final_validation: L5 ⚠ adjusting_print_quality/checking_the_number_of_sheets_on_the_lcd_screen.dita — 1 issue(s)
2026-09-28 05:01:48,310 [INFO] layers.layer6_final_validation: L5 ⚠ adjusting_print_quality/checking_the_sheet_counter_mac.dita — 1 issue(s)
2026-09-28 05:01:48,311 [INFO] layers.layer6_final_validation: L5 ⚠ adjusting_print_quality/checking_the_sheet_counter_windows.dita — 1 issue(s)
2026-09-28 05:01:48,312 [INFO] layers.layer6_final_validation: L5 ⚠ adjusting_print_quality/cleaning_the_paper_guide.dita — 1 issue(s)
2026-09-28 05:01:48,313 [INFO] layers.layer6_final_validation: L5 ⚠ adjusting_print_quality/cleaning_the_print_head_path.dita — 1 issue(s)
2026-09-28 05:01:48,314 [INFO] layers.layer6_final_validation: L5 ⚠ adjusting_print_quality/cleaning_the_print_head_using_a_computer_utility.dita — 1 issue(s)
2026-09-28 05:01:48,316 [INFO] layers.layer6_final_validation: L5 ⚠ adjusting_print_quality/cleaning_the_print_head_using_the_product_control_panel.dita — 1 issue(s)
2026-09-28 05:01:48,316 [INFO] layers.layer6_final_validation: L5 ⚠ adjusting_print_quality/power_cleaning.dita — 1 issue(s)
2026-09-28 05:01:48,317 [INFO] layers.layer6_final_validation: L5 ⚠ adjusting_print_quality/power_cleaning_using_a_computer_utility.dita — 1 issue(s)
2026-09-28 05:01:48,318 [INFO] layers.layer6_final_validation: L5 ⚠ adjusting_print_quality/power_cleaning_using_the_product_control_panel.dita — 1 issue(s)
2026-09-28 05:01:48,319 [INFO] layers.layer6_final_validation: L5 ⚠ adjusting_print_quality/print_head_alignment.dita — 1 issue(s)
2026-09-28 05:01:48,320 [INFO] layers.layer6_final_validation: L5 ⚠ adjusting_print_quality/print_head_cleaning.dita — 1 issue(s)
2026-09-28 05:01:48,321 [INFO] layers.layer6_final_validation: L5 ⚠ adjusting_print_quality/print_head_maintenance.dita — 1 issue(s)
2026-09-28 05:01:48,322 [INFO] layers.layer6_final_validation: L5 ⚠ adjusting_print_quality/print_head_nozzle_check.dita — 1 issue(s)
2026-09-28 05:01:48,323 [INFO] layers.layer6_final_validation: L5 ⚠ cleaning_and_transporting_your_product/cleaning_and_transporting_your_product.dita — 1 issue(s)
2026-09-28 05:01:48,323 [INFO] layers.layer6_final_validation: L5 ⚠ cleaning_and_transporting_your_product/cleaning_your_product.dita — 1 issue(s)
2026-09-28 05:01:48,324 [INFO] layers.layer6_final_validation: L5 ⚠ cleaning_and_transporting_your_product/copyright_notice.dita — 1 issue(s)
2026-09-28 05:01:48,325 [INFO] layers.layer6_final_validation: L5 ⚠ cleaning_and_transporting_your_product/transporting_your_product.dita — 1 issue(s)
2026-09-28 05:01:48,326 [INFO] layers.layer6_final_validation: L5 ⚠ copying/copying.dita — 1 issue(s)
2026-09-28 05:01:48,327 [INFO] layers.layer6_final_validation: L5 ⚠ copying/copying_documents_or_photos.dita — 1 issue(s)
2026-09-28 05:01:48,328 [INFO] layers.layer6_final_validation: L5 ⚠ copying/copying_options.dita — 1 issue(s)
2026-09-28 05:01:48,329 [INFO] layers.layer6_final_validation: L5 ⚠ loading_paper/borderless_paper_type_compatibility.dita — 1 issue(s)
2026-09-28 05:01:48,330 [INFO] layers.layer6_final_validation: L5 ⚠ loading_paper/compatible_metr_papers.dita — 1 issue(s)
2026-09-28 05:01:48,331 [INFO] layers.layer6_final_validation: L5 ⚠ loading_paper/double_sided_printing_capacity.dita — 1 issue(s)
2026-09-28 05:01:48,332 [INFO] layers.layer6_final_validation: L5 ⚠ loading_paper/loading_paper.dita — 1 issue(s)
2026-09-28 05:01:48,333 [INFO] layers.layer6_final_validation: L5 ⚠ loading_paper/loading_paper_in_the_rear_paper_feeder.dita — 1 issue(s)
2026-09-28 05:01:48,334 [INFO] layers.layer6_final_validation: L5 ⚠ loading_paper/paper_loading_capacity.dita — 1 issue(s)
2026-09-28 05:01:48,335 [INFO] layers.layer6_final_validation: L5 ⚠ loading_paper/paper_or_media_type_settings_control_panel.dita — 1 issue(s)
2026-09-28 05:01:48,336 [INFO] layers.layer6_final_validation: L5 ⚠ loading_paper/paper_or_media_type_settings_printing_software.dita — 1 issue(s)
2026-09-28 05:01:48,337 [INFO] layers.layer6_final_validation: L5 ⚠ loading_paper/paper_source_settings_options.dita — 1 issue(s)
2026-09-28 05:01:48,338 [INFO] layers.layer6_final_validation: L5 ⚠ loading_paper/selecting_the_default_paper_source_settings.dita — 1 issue(s)
2026-09-28 05:01:48,339 [INFO] layers.layer6_final_validation: L5 ⚠ loading_paper/selecting_the_paper_settings_control_panel.dita — 1 issue(s)
2026-09-28 05:01:48,340 [INFO] layers.layer6_final_validation: L5 ⚠ placing_originals_on_the_product/placing_originals_on_the_product.dita — 1 issue(s)
2026-09-28 05:01:48,341 [INFO] layers.layer6_final_validation: L5 ⚠ placing_originals_on_the_product/placing_originals_on_the_scanner_glass.dita — 1 issue(s)
2026-09-28 05:01:48,342 [INFO] layers.layer6_final_validation: L5 ⚠ product_basics/changing_lcd_screen_language.dita — 1 issue(s)
2026-09-28 05:01:48,342 [INFO] layers.layer6_final_validation: L5 ⚠ product_basics/changing_the_power_off_timer_setting_from_the_control_panel.dita — 1 issue(s)
2026-09-28 05:01:48,343 [INFO] layers.layer6_final_validation: L5 ⚠ product_basics/changing_the_sleep_timer_setting_from_the_control_panel.dita — 1 issue(s)
2026-09-28 05:01:48,344 [INFO] layers.layer6_final_validation: L5 ⚠ product_basics/entering_characters_on_the_lcd_screen.dita — 1 issue(s)
2026-09-28 05:01:48,345 [INFO] layers.layer6_final_validation: L5 ⚠ product_basics/product_basics.dita — 1 issue(s)
2026-09-28 05:01:48,346 [INFO] layers.layer6_final_validation: L5 ⚠ product_basics/product_parts_back.dita — 1 issue(s)
2026-09-28 05:01:48,347 [INFO] layers.layer6_final_validation: L5 ⚠ product_basics/product_parts_front.dita — 1 issue(s)
2026-09-28 05:01:48,348 [INFO] layers.layer6_final_validation: L5 ⚠ product_basics/product_parts_inside.dita — 1 issue(s)
2026-09-28 05:01:48,349 [INFO] layers.layer6_final_validation: L5 ⚠ product_basics/product_parts_locations.dita — 1 issue(s)
2026-09-28 05:01:48,350 [INFO] layers.layer6_final_validation: L5 ⚠ product_basics/status_icon_information.dita — 1 issue(s)
2026-09-28 05:01:48,351 [INFO] layers.layer6_final_validation: L5 ⚠ product_basics/the_lcd_screen.dita — 1 issue(s)
2026-09-28 05:01:48,351 [INFO] layers.layer6_final_validation: L5 ⚠ product_basics/using_power_saving_settings.dita — 1 issue(s)
2026-09-28 05:01:48,352 [INFO] layers.layer6_final_validation: L5 ⚠ product_basics/using_the_control_panel.dita — 1 issue(s)
2026-09-28 05:01:48,353 [INFO] layers.layer6_final_validation: L5 ⚠ product_basics/viewing_animations.dita — 1 issue(s)
2026-09-28 05:01:48,354 [INFO] layers.layer6_final_validation: L5 ⚠ refilling_ink/check_ink_levels.dita — 1 issue(s)
2026-09-28 05:01:48,355 [INFO] layers.layer6_final_validation: L5 ⚠ refilling_ink/checking_ink_levels_mac.dita — 1 issue(s)
2026-09-28 05:01:48,356 [INFO] layers.layer6_final_validation: L5 ⚠ refilling_ink/checking_ink_levels_on_your_product.dita — 1 issue(s)
2026-09-28 05:01:48,357 [INFO] layers.layer6_final_validation: L5 ⚠ refilling_ink/checking_ink_levels_windows.dita — 1 issue(s)
2026-09-28 05:01:48,358 [INFO] layers.layer6_final_validation: L5 ⚠ refilling_ink/disabling_special_offers_with_windows.dita — 1 issue(s)
2026-09-28 05:01:48,358 [INFO] layers.layer6_final_validation: L5 ⚠ refilling_ink/ink_bottle_part_numbers.dita — 1 issue(s)
2026-09-28 05:01:48,359 [INFO] layers.layer6_final_validation: L5 ⚠ refilling_ink/ink_safety_precautions.dita — 1 issue(s)
2026-09-28 05:01:48,360 [INFO] layers.layer6_final_validation: L5 ⚠ refilling_ink/purchase_metr_ink.dita — 1 issue(s)
2026-09-28 05:01:48,361 [INFO] layers.layer6_final_validation: L5 ⚠ refilling_ink/refilling_ink.dita — 1 issue(s)
2026-09-28 05:01:48,362 [INFO] layers.layer6_final_validation: L5 ⚠ refilling_ink/refilling_the_ink_tanks.dita — 1 issue(s)
2026-09-28 05:01:48,362 [INFO] layers.layer6_final_validation: L5 ✓ done pass=True acc=100% crit=0 err=0 warn=63
2026-09-28 05:01:48,363 [INFO] layers.layer6_final_validation: L5 DTD schema start
2026-09-28 05:01:48,364 [INFO] utils.dita_schema_validator: [SchemaValidator] VALID    adjusting_print_quality.dita
2026-09-28 05:01:48,364 [INFO] utils.dita_schema_validator: [SchemaValidator] VALID    aligning_the_print_head_using_the_product_control_panel.dita
2026-09-28 05:01:48,365 [INFO] utils.dita_schema_validator: [SchemaValidator] VALID    checking_the_nozzles_using_a_computer_utility.dita
2026-09-28 05:01:48,365 [INFO] utils.dita_schema_validator: [SchemaValidator] VALID    checking_the_nozzles_using_the_product_control_panel.dita
2026-09-28 05:01:48,366 [INFO] utils.dita_schema_validator: [SchemaValidator] VALID    checking_the_number_of_sheets_fed.dita
2026-09-28 05:01:48,366 [INFO] utils.dita_schema_validator: [SchemaValidator] VALID    checking_the_number_of_sheets_on_the_lcd_screen.dita
2026-09-28 05:01:48,366 [INFO] utils.dita_schema_validator: [SchemaValidator] VALID    checking_the_sheet_counter_mac.dita
2026-09-28 05:01:48,367 [INFO] utils.dita_schema_validator: [SchemaValidator] VALID    checking_the_sheet_counter_windows.dita
2026-09-28 05:01:48,367 [INFO] utils.dita_schema_validator: [SchemaValidator] VALID    cleaning_the_paper_guide.dita
2026-09-28 05:01:48,367 [INFO] utils.dita_schema_validator: [SchemaValidator] VALID    cleaning_the_print_head_path.dita
2026-09-28 05:01:48,368 [INFO] utils.dita_schema_validator: [SchemaValidator] VALID    cleaning_the_print_head_using_a_computer_utility.dita
2026-09-28 05:01:48,369 [INFO] utils.dita_schema_validator: [SchemaValidator] VALID    cleaning_the_print_head_using_the_product_control_panel.dita
2026-09-28 05:01:48,369 [INFO] utils.dita_schema_validator: [SchemaValidator] VALID    power_cleaning.dita
2026-09-28 05:01:48,369 [INFO] utils.dita_schema_validator: [SchemaValidator] VALID    power_cleaning_using_a_computer_utility.dita
2026-09-28 05:01:48,370 [INFO] utils.dita_schema_validator: [SchemaValidator] VALID    power_cleaning_using_the_product_control_panel.dita
2026-09-28 05:01:48,370 [INFO] utils.dita_schema_validator: [SchemaValidator] VALID    print_head_alignment.dita
2026-09-28 05:01:48,370 [INFO] utils.dita_schema_validator: [SchemaValidator] VALID    print_head_cleaning.dita
2026-09-28 05:01:48,370 [INFO] utils.dita_schema_validator: [SchemaValidator] VALID    print_head_maintenance.dita
2026-09-28 05:01:48,371 [INFO] utils.dita_schema_validator: [SchemaValidator] VALID    print_head_nozzle_check.dita
2026-09-28 05:01:48,371 [INFO] utils.dita_schema_validator: [SchemaValidator] VALID    cleaning_and_transporting_your_product.dita
2026-09-28 05:01:48,371 [INFO] utils.dita_schema_validator: [SchemaValidator] VALID    cleaning_your_product.dita
2026-09-28 05:01:48,371 [INFO] utils.dita_schema_validator: [SchemaValidator] VALID    copyright_notice.dita
2026-09-28 05:01:48,372 [INFO] utils.dita_schema_validator: [SchemaValidator] VALID    transporting_your_product.dita
2026-09-28 05:01:48,372 [INFO] utils.dita_schema_validator: [SchemaValidator] VALID    copying.dita
2026-09-28 05:01:48,373 [INFO] utils.dita_schema_validator: [SchemaValidator] VALID    copying_documents_or_photos.dita
2026-09-28 05:01:48,373 [INFO] utils.dita_schema_validator: [SchemaValidator] VALID    copying_options.dita
2026-09-28 05:01:48,373 [INFO] utils.dita_schema_validator: [SchemaValidator] VALID    borderless_paper_type_compatibility.dita
2026-09-28 05:01:48,374 [INFO] utils.dita_schema_validator: [SchemaValidator] VALID    compatible_metr_papers.dita
2026-09-28 05:01:48,374 [INFO] utils.dita_schema_validator: [SchemaValidator] VALID    double_sided_printing_capacity.dita
2026-09-28 05:01:48,375 [INFO] utils.dita_schema_validator: [SchemaValidator] VALID    loading_paper.dita
2026-09-28 05:01:48,375 [INFO] utils.dita_schema_validator: [SchemaValidator] VALID    loading_paper_in_the_rear_paper_feeder.dita
2026-09-28 05:01:48,375 [INFO] utils.dita_schema_validator: [SchemaValidator] VALID    paper_loading_capacity.dita
2026-09-28 05:01:48,376 [INFO] utils.dita_schema_validator: [SchemaValidator] VALID    paper_or_media_type_settings_control_panel.dita
2026-09-28 05:01:48,376 [INFO] utils.dita_schema_validator: [SchemaValidator] VALID    paper_or_media_type_settings_printing_software.dita
2026-09-28 05:01:48,377 [INFO] utils.dita_schema_validator: [SchemaValidator] VALID    paper_source_settings_options.dita
2026-09-28 05:01:48,377 [INFO] utils.dita_schema_validator: [SchemaValidator] VALID    selecting_the_default_paper_source_settings.dita
2026-09-28 05:01:48,377 [INFO] utils.dita_schema_validator: [SchemaValidator] VALID    selecting_the_paper_settings_control_panel.dita
2026-09-28 05:01:48,378 [INFO] utils.dita_schema_validator: [SchemaValidator] VALID    placing_originals_on_the_product.dita
2026-09-28 05:01:48,378 [INFO] utils.dita_schema_validator: [SchemaValidator] VALID    placing_originals_on_the_scanner_glass.dita
2026-09-28 05:01:48,378 [INFO] utils.dita_schema_validator: [SchemaValidator] VALID    changing_lcd_screen_language.dita
2026-09-28 05:01:48,379 [INFO] utils.dita_schema_validator: [SchemaValidator] VALID    changing_the_power_off_timer_setting_from_the_control_panel.dita
2026-09-28 05:01:48,379 [INFO] utils.dita_schema_validator: [SchemaValidator] VALID    changing_the_sleep_timer_setting_from_the_control_panel.dita
2026-09-28 05:01:48,379 [INFO] utils.dita_schema_validator: [SchemaValidator] VALID    entering_characters_on_the_lcd_screen.dita
2026-09-28 05:01:48,379 [INFO] utils.dita_schema_validator: [SchemaValidator] VALID    product_basics.dita
2026-09-28 05:01:48,380 [INFO] utils.dita_schema_validator: [SchemaValidator] VALID    product_parts_back.dita
2026-09-28 05:01:48,380 [INFO] utils.dita_schema_validator: [SchemaValidator] VALID    product_parts_front.dita
2026-09-28 05:01:48,380 [INFO] utils.dita_schema_validator: [SchemaValidator] VALID    product_parts_inside.dita
2026-09-28 05:01:48,381 [INFO] utils.dita_schema_validator: [SchemaValidator] VALID    product_parts_locations.dita
2026-09-28 05:01:48,381 [INFO] utils.dita_schema_validator: [SchemaValidator] VALID    status_icon_information.dita
2026-09-28 05:01:48,381 [INFO] utils.dita_schema_validator: [SchemaValidator] VALID    the_lcd_screen.dita
2026-09-28 05:01:48,382 [INFO] utils.dita_schema_validator: [SchemaValidator] VALID    using_power_saving_settings.dita
2026-09-28 05:01:48,382 [INFO] utils.dita_schema_validator: [SchemaValidator] VALID    using_the_control_panel.dita
2026-09-28 05:01:48,382 [INFO] utils.dita_schema_validator: [SchemaValidator] VALID    viewing_animations.dita
2026-09-28 05:01:48,382 [INFO] utils.dita_schema_validator: [SchemaValidator] VALID    check_ink_levels.dita
2026-09-28 05:01:48,383 [INFO] utils.dita_schema_validator: [SchemaValidator] VALID    checking_ink_levels_mac.dita
2026-09-28 05:01:48,383 [INFO] utils.dita_schema_validator: [SchemaValidator] VALID    checking_ink_levels_on_your_product.dita
2026-09-28 05:01:48,383 [INFO] utils.dita_schema_validator: [SchemaValidator] VALID    checking_ink_levels_windows.dita
2026-09-28 05:01:48,384 [INFO] utils.dita_schema_validator: [SchemaValidator] VALID    disabling_special_offers_with_windows.dita
2026-09-28 05:01:48,384 [INFO] utils.dita_schema_validator: [SchemaValidator] VALID    ink_bottle_part_numbers.dita
2026-09-28 05:01:48,384 [INFO] utils.dita_schema_validator: [SchemaValidator] VALID    ink_safety_precautions.dita
2026-09-28 05:01:48,385 [INFO] utils.dita_schema_validator: [SchemaValidator] VALID    purchase_metr_ink.dita
2026-09-28 05:01:48,385 [INFO] utils.dita_schema_validator: [SchemaValidator] VALID    refilling_ink.dita
2026-09-28 05:01:48,385 [INFO] utils.dita_schema_validator: [SchemaValidator] VALID    refilling_the_ink_tanks.dita
2026-09-28 05:01:48,385 [INFO] utils.dita_schema_validator: [SchemaValidator] ── DONE ── schema_passed=True, valid=63/63
2026-09-28 05:01:48,386 [INFO] layers.layer6_final_validation: L5 DTD schema pass=True valid=63/63
2026-09-28 05:01:48,386 [INFO] pipeline.enrich_runner: [EnrichPipeline] Layer 6 — passed=True, accuracy=100%
2026-09-28 05:01:48,386 [INFO] pipeline.enrich_runner: [EnrichPipeline] ── Post-Enrichment Structural Validation ──
2026-09-28 05:01:48,386 [INFO] utils.structure_validator: [StructureValidator] Checking .ditamap topicref and mapref references
2026-09-28 05:01:48,395 [INFO] utils.structure_validator: [StructureValidator] Checking for duplicate id attributes
2026-09-28 05:01:48,405 [INFO] utils.structure_validator: [StructureValidator] Checking <xref> href targets
2026-09-28 05:01:48,414 [INFO] utils.structure_validator: [StructureValidator] Checking for spaces in filenames and folder names
2026-09-28 05:01:48,416 [INFO] utils.structure_validator: [StructureValidator] Running per-file DITA schema validation
2026-09-28 05:01:48,419 [WARNING] utils.structure_validator: [StructureValidator] WARNING [table_missing_title]: 'product_basics/status_icon_information.dita' — <table> #1 has no <title> element — required for accessibility and DITA compliance
2026-09-28 05:01:48,422 [WARNING] utils.structure_validator: [StructureValidator] WARNING [missing_steps]: 'product_basics/entering_characters_on_the_lcd_screen.dita' — <taskbody> has no <steps> or <steps-unordered> element
2026-09-28 05:01:48,423 [WARNING] utils.structure_validator: [StructureValidator] WARNING [step_empty_cmd]: 'product_basics/using_the_control_panel.dita' — step 1 has an empty <cmd> element
2026-09-28 05:01:48,423 [WARNING] utils.structure_validator: [StructureValidator] WARNING [step_empty_cmd]: 'product_basics/using_the_control_panel.dita' — step 2 has an empty <cmd> element
2026-09-28 05:01:48,423 [WARNING] utils.structure_validator: [StructureValidator] WARNING [step_empty_cmd]: 'product_basics/using_the_control_panel.dita' — step 4 has an empty <cmd> element
2026-09-28 05:01:48,423 [WARNING] utils.structure_validator: [StructureValidator] WARNING [step_empty_cmd]: 'product_basics/using_the_control_panel.dita' — step 5 has an empty <cmd> element
2026-09-28 05:01:48,423 [WARNING] utils.structure_validator: [StructureValidator] WARNING [step_empty_cmd]: 'product_basics/using_the_control_panel.dita' — step 6 has an empty <cmd> element
2026-09-28 05:01:48,423 [WARNING] utils.structure_validator: [StructureValidator] WARNING [step_empty_cmd]: 'product_basics/using_the_control_panel.dita' — step 8 has an empty <cmd> element
2026-09-28 05:01:48,423 [WARNING] utils.structure_validator: [StructureValidator] WARNING [step_empty_cmd]: 'product_basics/using_the_control_panel.dita' — step 9 has an empty <cmd> element
2026-09-28 05:01:48,425 [WARNING] utils.structure_validator: [StructureValidator] WARNING [missing_steps]: 'product_basics/using_power_saving_settings.dita' — <taskbody> has no <steps> or <steps-unordered> element
2026-09-28 05:01:48,429 [WARNING] utils.structure_validator: [StructureValidator] WARNING [missing_steps]: 'loading_paper/paper_or_media_type_settings_printing_software.dita' — <taskbody> has no <steps> or <steps-unordered> element
2026-09-28 05:01:48,429 [WARNING] utils.structure_validator: [StructureValidator] WARNING [table_missing_title]: 'loading_paper/paper_or_media_type_settings_printing_software.dita' — <table> #1 has no <title> element — required for accessibility and DITA compliance
2026-09-28 05:01:48,430 [WARNING] utils.structure_validator: [StructureValidator] WARNING [table_missing_title]: 'loading_paper/paper_or_media_type_settings_printing_software.dita' — <table> #2 has no <title> element — required for accessibility and DITA compliance
2026-09-28 05:01:48,431 [WARNING] utils.structure_validator: [StructureValidator] WARNING [table_col_mismatch]: 'loading_paper/paper_loading_capacity.dita' — table 1 row has 1 entries but cols=2
2026-09-28 05:01:48,431 [WARNING] utils.structure_validator: [StructureValidator] WARNING [table_missing_title]: 'loading_paper/paper_loading_capacity.dita' — <table> #1 has no <title> element — required for accessibility and DITA compliance
2026-09-28 05:01:48,431 [WARNING] utils.structure_validator: [StructureValidator] WARNING [table_missing_title]: 'loading_paper/paper_loading_capacity.dita' — <table> #2 has no <title> element — required for accessibility and DITA compliance
2026-09-28 05:01:48,434 [WARNING] utils.structure_validator: [StructureValidator] WARNING [missing_steps]: 'loading_paper/paper_or_media_type_settings_control_panel.dita' — <taskbody> has no <steps> or <steps-unordered> element
2026-09-28 05:01:48,434 [WARNING] utils.structure_validator: [StructureValidator] WARNING [table_missing_title]: 'loading_paper/paper_or_media_type_settings_control_panel.dita' — <table> #1 has no <title> element — required for accessibility and DITA compliance
2026-09-28 05:01:48,434 [WARNING] utils.structure_validator: [StructureValidator] WARNING [table_col_mismatch]: 'loading_paper/double_sided_printing_capacity.dita' — table 1 row has 3 entries but cols=4
2026-09-28 05:01:48,435 [WARNING] utils.structure_validator: [StructureValidator] WARNING [table_col_mismatch]: 'loading_paper/double_sided_printing_capacity.dita' — table 1 row has 2 entries but cols=4
2026-09-28 05:01:48,435 [WARNING] utils.structure_validator: [StructureValidator] WARNING [table_missing_title]: 'loading_paper/double_sided_printing_capacity.dita' — <table> #1 has no <title> element — required for accessibility and DITA compliance
2026-09-28 05:01:48,435 [WARNING] utils.structure_validator: [StructureValidator] WARNING [missing_steps]: 'loading_paper/paper_source_settings_options.dita' — <taskbody> has no <steps> or <steps-unordered> element
2026-09-28 05:01:48,435 [WARNING] utils.structure_validator: [StructureValidator] WARNING [table_col_mismatch]: 'loading_paper/paper_source_settings_options.dita' — table 1 row has 1 entries but cols=3
2026-09-28 05:01:48,435 [WARNING] utils.structure_validator: [StructureValidator] WARNING [table_col_mismatch]: 'loading_paper/paper_source_settings_options.dita' — table 1 row has 1 entries but cols=3
2026-09-28 05:01:48,435 [WARNING] utils.structure_validator: [StructureValidator] WARNING [table_col_mismatch]: 'loading_paper/paper_source_settings_options.dita' — table 1 row has 1 entries but cols=3
2026-09-28 05:01:48,436 [WARNING] utils.structure_validator: [StructureValidator] WARNING [table_missing_title]: 'loading_paper/paper_source_settings_options.dita' — <table> #1 has no <title> element — required for accessibility and DITA compliance
2026-09-28 05:01:48,436 [WARNING] utils.structure_validator: [StructureValidator] WARNING [table_col_mismatch]: 'loading_paper/compatible_metr_papers.dita' — table 1 row has 3 entries but cols=4
2026-09-28 05:01:48,436 [WARNING] utils.structure_validator: [StructureValidator] WARNING [table_col_mismatch]: 'loading_paper/compatible_metr_papers.dita' — table 2 row has 3 entries but cols=4
2026-09-28 05:01:48,436 [WARNING] utils.structure_validator: [StructureValidator] WARNING [table_col_mismatch]: 'loading_paper/compatible_metr_papers.dita' — table 2 row has 3 entries but cols=4
2026-09-28 05:01:48,436 [WARNING] utils.structure_validator: [StructureValidator] WARNING [table_col_mismatch]: 'loading_paper/compatible_metr_papers.dita' — table 2 row has 3 entries but cols=4
2026-09-28 05:01:48,437 [WARNING] utils.structure_validator: [StructureValidator] WARNING [table_col_mismatch]: 'loading_paper/compatible_metr_papers.dita' — table 2 row has 3 entries but cols=4
2026-09-28 05:01:48,437 [WARNING] utils.structure_validator: [StructureValidator] WARNING [table_col_mismatch]: 'loading_paper/compatible_metr_papers.dita' — table 2 row has 3 entries but cols=4
2026-09-28 05:01:48,437 [WARNING] utils.structure_validator: [StructureValidator] WARNING [table_col_mismatch]: 'loading_paper/compatible_metr_papers.dita' — table 2 row has 3 entries but cols=4
2026-09-28 05:01:48,437 [WARNING] utils.structure_validator: [StructureValidator] WARNING [table_col_mismatch]: 'loading_paper/compatible_metr_papers.dita' — table 2 row has 3 entries but cols=4
2026-09-28 05:01:48,437 [WARNING] utils.structure_validator: [StructureValidator] WARNING [table_col_mismatch]: 'loading_paper/compatible_metr_papers.dita' — table 2 row has 3 entries but cols=4
2026-09-28 05:01:48,437 [WARNING] utils.structure_validator: [StructureValidator] WARNING [table_col_mismatch]: 'loading_paper/compatible_metr_papers.dita' — table 2 row has 3 entries but cols=4
2026-09-28 05:01:48,437 [WARNING] utils.structure_validator: [StructureValidator] WARNING [table_col_mismatch]: 'loading_paper/compatible_metr_papers.dita' — table 2 row has 3 entries but cols=4
2026-09-28 05:01:48,437 [WARNING] utils.structure_validator: [StructureValidator] WARNING [table_missing_title]: 'loading_paper/compatible_metr_papers.dita' — <table> #1 has no <title> element — required for accessibility and DITA compliance
2026-09-28 05:01:48,437 [WARNING] utils.structure_validator: [StructureValidator] WARNING [table_missing_title]: 'loading_paper/compatible_metr_papers.dita' — <table> #2 has no <title> element — required for accessibility and DITA compliance
2026-09-28 05:01:48,438 [WARNING] utils.structure_validator: [StructureValidator] WARNING [missing_steps]: 'copying/copying_options.dita' — <taskbody> has no <steps> or <steps-unordered> element
2026-09-28 05:01:48,438 [WARNING] utils.structure_validator: [StructureValidator] WARNING [table_col_mismatch]: 'copying/copying_options.dita' — table 1 row has 2 entries but cols=3
2026-09-28 05:01:48,439 [WARNING] utils.structure_validator: [StructureValidator] WARNING [table_col_mismatch]: 'copying/copying_options.dita' — table 1 row has 2 entries but cols=3
2026-09-28 05:01:48,439 [WARNING] utils.structure_validator: [StructureValidator] WARNING [table_col_mismatch]: 'copying/copying_options.dita' — table 1 row has 2 entries but cols=3
2026-09-28 05:01:48,439 [WARNING] utils.structure_validator: [StructureValidator] WARNING [table_col_mismatch]: 'copying/copying_options.dita' — table 1 row has 1 entries but cols=3
2026-09-28 05:01:48,439 [WARNING] utils.structure_validator: [StructureValidator] WARNING [table_col_mismatch]: 'copying/copying_options.dita' — table 1 row has 1 entries but cols=3
2026-09-28 05:01:48,439 [WARNING] utils.structure_validator: [StructureValidator] WARNING [table_col_mismatch]: 'copying/copying_options.dita' — table 1 row has 1 entries but cols=3
2026-09-28 05:01:48,439 [WARNING] utils.structure_validator: [StructureValidator] WARNING [table_col_mismatch]: 'copying/copying_options.dita' — table 1 row has 1 entries but cols=3
2026-09-28 05:01:48,439 [WARNING] utils.structure_validator: [StructureValidator] WARNING [table_col_mismatch]: 'copying/copying_options.dita' — table 1 row has 1 entries but cols=3
2026-09-28 05:01:48,439 [WARNING] utils.structure_validator: [StructureValidator] WARNING [table_missing_title]: 'copying/copying_options.dita' — <table> #1 has no <title> element — required for accessibility and DITA compliance
2026-09-28 05:01:48,441 [WARNING] utils.structure_validator: [StructureValidator] WARNING [missing_steps]: 'adjusting_print_quality/print_head_maintenance.dita' — <taskbody> has no <steps> or <steps-unordered> element
2026-09-28 05:01:48,441 [WARNING] utils.structure_validator: [StructureValidator] WARNING [missing_steps]: 'adjusting_print_quality/power_cleaning.dita' — <taskbody> has no <steps> or <steps-unordered> element
2026-09-28 05:01:48,451 [WARNING] utils.structure_validator: [StructureValidator] WARNING [step_empty_cmd]: 'adjusting_print_quality/checking_the_nozzles_using_a_computer_utility.dita' — step 7 has an empty <cmd> element
2026-09-28 05:01:48,453 [WARNING] utils.structure_validator: [StructureValidator] WARNING [missing_steps]: 'adjusting_print_quality/adjusting_print_quality.dita' — <taskbody> has no <steps> or <steps-unordered> element
2026-09-28 05:01:48,457 [WARNING] utils.structure_validator: [StructureValidator] WARNING [step_empty_cmd]: 'adjusting_print_quality/cleaning_the_print_head_using_the_product_control_panel.dita' — step 7 has an empty <cmd> element
2026-09-28 05:01:48,462 [WARNING] utils.structure_validator: [StructureValidator] WARNING [table_missing_title]: 'refilling_ink/ink_bottle_part_numbers.dita' — <table> #1 has no <title> element — required for accessibility and DITA compliance
2026-09-28 05:01:48,464 [INFO] utils.structure_validator: [StructureValidator] Complete — CRITICAL=0, WARNING=55 | dita_files=63, broken_xml=0, empty=0, broken_dita_refs=0, broken_maprefs=0, orphans=0, duplicate_ids=0, broken_xrefs=0, filename_spaces=0
2026-09-28 05:01:48,465 [INFO] pipeline.enrich_runner: [EnrichPipeline] Post-structural — CRITICAL=0, WARNING=55
2026-09-28 05:01:48,465 [INFO] pipeline.enrich_runner: [EnrichPipeline] ── Post-Enrichment AI Content Quality Check ──
2026-09-28 05:01:48,475 [INFO] utils.structure_validator: [EnrichmentQuality] Post-AI check — 0 issues in 63 files (CRITICAL=0, WARNING=0)
2026-09-28 05:01:48,475 [INFO] pipeline.enrich_runner: [EnrichPipeline] AI content quality — CRITICAL=0, WARNING=0 (checks: shortdesc, keywords, indexterms)
2026-09-28 05:01:48,475 [INFO] pipeline.enrich_runner: [EnrichPipeline] Fix report — backend_errors=0 | fixed_by_zone1=0, fixed_by_ai=73, remaining=46, ai_obligations_missed=0, new_by_ai=9
2026-09-28 05:01:51,672 [INFO] pipeline.enrich_runner: [Validation] 1/71 — adjusting_print_quality.dita
2026-09-28 05:01:51,688 [INFO] pipeline.enrich_runner: [Validation] 2/71 — aligning_the_print_head_using_the_product_control_panel.dita
2026-09-28 05:01:51,715 [INFO] pipeline.enrich_runner: [Validation] 3/71 — checking_the_nozzles_using_a_computer_utility.dita
2026-09-28 05:01:52,220 [INFO] pipeline.enrich_runner: [Validation] 4/71 — checking_the_nozzles_using_the_product_control_panel.dita
2026-09-28 05:01:52,231 [INFO] pipeline.enrich_runner: [Validation] 5/71 — checking_the_number_of_sheets_fed.dita
2026-09-28 05:01:52,242 [INFO] pipeline.enrich_runner: [Validation] 6/71 — checking_the_number_of_sheets_on_the_lcd_screen.dita
2026-09-28 05:01:52,255 [INFO] pipeline.enrich_runner: [Validation] 7/71 — checking_the_sheet_counter_mac.dita
2026-09-28 05:01:52,268 [INFO] pipeline.enrich_runner: [Validation] 8/71 — checking_the_sheet_counter_windows.dita
2026-09-28 05:01:52,282 [INFO] pipeline.enrich_runner: [Validation] 9/71 — cleaning_the_paper_guide.dita
2026-09-28 05:01:52,299 [INFO] pipeline.enrich_runner: [Validation] 10/71 — cleaning_the_print_head_path.dita
2026-09-28 05:01:52,336 [INFO] pipeline.enrich_runner: [Validation] 11/71 — cleaning_the_print_head_using_a_computer_utility.dita
2026-09-28 05:01:52,362 [INFO] pipeline.enrich_runner: [Validation] 12/71 — cleaning_the_print_head_using_the_product_control_panel.dita
2026-09-28 05:01:52,373 [INFO] pipeline.enrich_runner: [Validation] 13/71 — power_cleaning.dita
2026-09-28 05:01:52,387 [INFO] pipeline.enrich_runner: [Validation] 14/71 — power_cleaning_using_a_computer_utility.dita
2026-09-28 05:01:52,400 [INFO] pipeline.enrich_runner: [Validation] 15/71 — power_cleaning_using_the_product_control_panel.dita
2026-09-28 05:01:52,474 [INFO] pipeline.enrich_runner: [Validation] 16/71 — print_head_alignment.dita
2026-09-28 05:01:52,484 [INFO] pipeline.enrich_runner: [Validation] 17/71 — print_head_cleaning.dita
2026-09-28 05:01:52,493 [INFO] pipeline.enrich_runner: [Validation] 18/71 — print_head_maintenance.dita
2026-09-28 05:01:52,502 [INFO] pipeline.enrich_runner: [Validation] 19/71 — print_head_nozzle_check.dita
2026-09-28 05:01:52,512 [INFO] pipeline.enrich_runner: [Validation] 20/71 — cleaning_and_transporting_your_product.dita
2026-09-28 05:01:52,526 [INFO] pipeline.enrich_runner: [Validation] 21/71 — cleaning_your_product.dita
2026-09-28 05:01:52,535 [INFO] pipeline.enrich_runner: [Validation] 22/71 — copyright_notice.dita
2026-09-28 05:01:52,553 [INFO] pipeline.enrich_runner: [Validation] 23/71 — transporting_your_product.dita
2026-09-28 05:01:52,563 [INFO] pipeline.enrich_runner: [Validation] 24/71 — copying.dita
2026-09-28 05:01:52,578 [INFO] pipeline.enrich_runner: [Validation] 25/71 — copying_documents_or_photos.dita
2026-09-28 05:01:52,596 [INFO] pipeline.enrich_runner: [Validation] 26/71 — copying_options.dita
2026-09-28 05:01:52,615 [INFO] pipeline.enrich_runner: [Validation] 27/71 — borderless_paper_type_compatibility.dita
2026-09-28 05:01:52,650 [INFO] pipeline.enrich_runner: [Validation] 28/71 — compatible_metr_papers.dita
2026-09-28 05:01:52,687 [INFO] pipeline.enrich_runner: [Validation] 29/71 — double_sided_printing_capacity.dita
2026-09-28 05:01:52,704 [INFO] pipeline.enrich_runner: [Validation] 30/71 — loading_paper.dita
2026-09-28 05:01:52,740 [INFO] pipeline.enrich_runner: [Validation] 31/71 — loading_paper_in_the_rear_paper_feeder.dita
2026-09-28 05:01:52,763 [INFO] pipeline.enrich_runner: [Validation] 32/71 — paper_loading_capacity.dita
2026-09-28 05:01:52,786 [INFO] pipeline.enrich_runner: [Validation] 33/71 — paper_or_media_type_settings_control_panel.dita
2026-09-28 05:01:52,813 [INFO] pipeline.enrich_runner: [Validation] 34/71 — paper_or_media_type_settings_printing_software.dita
2026-09-28 05:01:52,843 [INFO] pipeline.enrich_runner: [Validation] 35/71 — paper_source_settings_options.dita
2026-09-28 05:01:52,867 [INFO] pipeline.enrich_runner: [Validation] 36/71 — selecting_the_default_paper_source_settings.dita
2026-09-28 05:01:52,892 [INFO] pipeline.enrich_runner: [Validation] 37/71 — selecting_the_paper_settings_control_panel.dita
2026-09-28 05:01:52,907 [INFO] pipeline.enrich_runner: [Validation] 38/71 — placing_originals_on_the_product.dita
2026-09-28 05:01:52,933 [INFO] pipeline.enrich_runner: [Validation] 39/71 — placing_originals_on_the_scanner_glass.dita
2026-09-28 05:01:52,954 [INFO] pipeline.enrich_runner: [Validation] 40/71 — changing_lcd_screen_language.dita
2026-09-28 05:01:52,976 [INFO] pipeline.enrich_runner: [Validation] 41/71 — changing_the_power_off_timer_setting_from_the_control_panel.dita
2026-09-28 05:01:52,998 [INFO] pipeline.enrich_runner: [Validation] 42/71 — changing_the_sleep_timer_setting_from_the_control_panel.dita
2026-09-28 05:01:53,020 [INFO] pipeline.enrich_runner: [Validation] 43/71 — entering_characters_on_the_lcd_screen.dita
2026-09-28 05:01:53,036 [INFO] pipeline.enrich_runner: [Validation] 44/71 — product_basics.dita
2026-09-28 05:01:53,058 [INFO] pipeline.enrich_runner: [Validation] 45/71 — product_parts_back.dita
2026-09-28 05:01:53,076 [INFO] pipeline.enrich_runner: [Validation] 46/71 — product_parts_front.dita
2026-09-28 05:01:53,094 [INFO] pipeline.enrich_runner: [Validation] 47/71 — product_parts_inside.dita
2026-09-28 05:01:53,104 [INFO] pipeline.enrich_runner: [Validation] 48/71 — product_parts_locations.dita
2026-09-28 05:01:53,118 [INFO] pipeline.enrich_runner: [Validation] 49/71 — status_icon_information.dita
2026-09-28 05:01:53,128 [INFO] pipeline.enrich_runner: [Validation] 50/71 — the_lcd_screen.dita
2026-09-28 05:01:53,139 [INFO] pipeline.enrich_runner: [Validation] 51/71 — using_power_saving_settings.dita
2026-09-28 05:01:53,153 [INFO] pipeline.enrich_runner: [Validation] 52/71 — using_the_control_panel.dita
2026-09-28 05:01:53,165 [INFO] pipeline.enrich_runner: [Validation] 53/71 — viewing_animations.dita
2026-09-28 05:01:53,174 [INFO] pipeline.enrich_runner: [Validation] 54/71 — check_ink_levels.dita
2026-09-28 05:01:53,189 [INFO] pipeline.enrich_runner: [Validation] 55/71 — checking_ink_levels_mac.dita
2026-09-28 05:01:53,201 [INFO] pipeline.enrich_runner: [Validation] 56/71 — checking_ink_levels_on_your_product.dita
2026-09-28 05:01:53,214 [INFO] pipeline.enrich_runner: [Validation] 57/71 — checking_ink_levels_windows.dita
2026-09-28 05:01:53,227 [INFO] pipeline.enrich_runner: [Validation] 58/71 — disabling_special_offers_with_windows.dita
2026-09-28 05:01:53,239 [INFO] pipeline.enrich_runner: [Validation] 59/71 — ink_bottle_part_numbers.dita
2026-09-28 05:01:53,254 [INFO] pipeline.enrich_runner: [Validation] 60/71 — ink_safety_precautions.dita
2026-09-28 05:01:53,267 [INFO] pipeline.enrich_runner: [Validation] 61/71 — purchase_metr_ink.dita
2026-09-28 05:01:53,278 [INFO] pipeline.enrich_runner: [Validation] 62/71 — refilling_ink.dita
2026-09-28 05:01:53,296 [INFO] pipeline.enrich_runner: [Validation] 63/71 — refilling_the_ink_tanks.dita
2026-09-28 05:01:53,357 [INFO] pipeline.enrich_runner: [Validation] 64/71 — adjusting_print_quality_map.ditamap
2026-09-28 05:01:53,366 [INFO] pipeline.enrich_runner: [Validation] 65/71 — cleaning_and_transporting_your_product_map.ditamap
2026-09-28 05:01:53,375 [INFO] pipeline.enrich_runner: [Validation] 66/71 — copying_map.ditamap
2026-09-28 05:01:53,385 [INFO] pipeline.enrich_runner: [Validation] 67/71 — loading_paper_map.ditamap
2026-09-28 05:01:53,394 [INFO] pipeline.enrich_runner: [Validation] 68/71 — placing_originals_on_the_product_map.ditamap
2026-09-28 05:01:53,453 [INFO] pipeline.enrich_runner: [Validation] 69/71 — printer_user_s_guide.ditamap
2026-09-28 05:01:53,467 [INFO] pipeline.enrich_runner: [Validation] 70/71 — product_basics_map.ditamap
2026-09-28 05:01:53,487 [INFO] pipeline.enrich_runner: [Validation] 71/71 — refilling_ink_map.ditamap
2026-09-28 05:01:53,493 [INFO] utils.validation_runner: [Validation] Done — files=71, violations=3 (errors=0, warnings=3)
2026-09-28 05:01:53,493 [INFO] pipeline.enrich_runner: [EnrichPipeline] Validation — status=completed, violations=3, files_affected=3
2026-09-28 05:01:53,498 [INFO] pipeline.enrich_runner: [EnrichPipeline] Auto-fix pass 1/3 — 3 violation(s) remaining
2026-09-28 05:01:53,505 [INFO] utils.auto_fixer: [AutoFixer] adjusting_print_quality/checking_the_nozzles_using_the_product_control_panel.dita — fixed 2 violation(s): ['image_placement(2)']
2026-09-28 05:01:53,506 [INFO] utils.auto_fixer: [AutoFixer] loading_paper/loading_paper_in_the_rear_paper_feeder.dita — fixed 29 violation(s): ['image_placement(29)']
2026-09-28 05:01:53,507 [INFO] utils.auto_fixer: [AutoFixer] refilling_ink/checking_ink_levels_windows.dita — fixed 2 violation(s): ['image_placement(2)']
2026-09-28 05:01:53,507 [INFO] utils.auto_fixer: [AutoFixer] Done — 3 file(s) fixed, 33 total fixes applied
2026-09-28 05:01:53,507 [INFO] pipeline.enrich_runner: [EnrichPipeline] Auto-fix pass 1 — fixed 33 in 3 file(s)
2026-09-28 05:01:56,865 [INFO] pipeline.enrich_runner: [Re-validating] 1/71 — adjusting_print_quality.dita
2026-09-28 05:01:56,882 [INFO] pipeline.enrich_runner: [Re-validating] 2/71 — aligning_the_print_head_using_the_product_control_panel.dita
2026-09-28 05:01:56,909 [INFO] pipeline.enrich_runner: [Re-validating] 3/71 — checking_the_nozzles_using_a_computer_utility.dita
2026-09-28 05:01:57,037 [INFO] pipeline.enrich_runner: [Re-validating] 4/71 — checking_the_nozzles_using_the_product_control_panel.dita
2026-09-28 05:01:57,047 [INFO] pipeline.enrich_runner: [Re-validating] 5/71 — checking_the_number_of_sheets_fed.dita
2026-09-28 05:01:57,058 [INFO] pipeline.enrich_runner: [Re-validating] 6/71 — checking_the_number_of_sheets_on_the_lcd_screen.dita
2026-09-28 05:01:57,071 [INFO] pipeline.enrich_runner: [Re-validating] 7/71 — checking_the_sheet_counter_mac.dita
2026-09-28 05:01:57,084 [INFO] pipeline.enrich_runner: [Re-validating] 8/71 — checking_the_sheet_counter_windows.dita
2026-09-28 05:01:57,098 [INFO] pipeline.enrich_runner: [Re-validating] 9/71 — cleaning_the_paper_guide.dita
2026-09-28 05:01:57,115 [INFO] pipeline.enrich_runner: [Re-validating] 10/71 — cleaning_the_print_head_path.dita
2026-09-28 05:01:57,151 [INFO] pipeline.enrich_runner: [Re-validating] 11/71 — cleaning_the_print_head_using_a_computer_utility.dita
2026-09-28 05:01:57,177 [INFO] pipeline.enrich_runner: [Re-validating] 12/71 — cleaning_the_print_head_using_the_product_control_panel.dita
2026-09-28 05:01:57,188 [INFO] pipeline.enrich_runner: [Re-validating] 13/71 — power_cleaning.dita
2026-09-28 05:01:57,202 [INFO] pipeline.enrich_runner: [Re-validating] 14/71 — power_cleaning_using_a_computer_utility.dita
2026-09-28 05:01:57,216 [INFO] pipeline.enrich_runner: [Re-validating] 15/71 — power_cleaning_using_the_product_control_panel.dita
2026-09-28 05:01:57,284 [INFO] pipeline.enrich_runner: [Re-validating] 16/71 — print_head_alignment.dita
2026-09-28 05:01:57,294 [INFO] pipeline.enrich_runner: [Re-validating] 17/71 — print_head_cleaning.dita
2026-09-28 05:01:57,304 [INFO] pipeline.enrich_runner: [Re-validating] 18/71 — print_head_maintenance.dita
2026-09-28 05:01:57,314 [INFO] pipeline.enrich_runner: [Re-validating] 19/71 — print_head_nozzle_check.dita
2026-09-28 05:01:57,324 [INFO] pipeline.enrich_runner: [Re-validating] 20/71 — cleaning_and_transporting_your_product.dita
2026-09-28 05:01:57,337 [INFO] pipeline.enrich_runner: [Re-validating] 21/71 — cleaning_your_product.dita
2026-09-28 05:01:57,346 [INFO] pipeline.enrich_runner: [Re-validating] 22/71 — copyright_notice.dita
2026-09-28 05:01:57,365 [INFO] pipeline.enrich_runner: [Re-validating] 23/71 — transporting_your_product.dita
2026-09-28 05:01:57,386 [INFO] pipeline.enrich_runner: [Re-validating] 24/71 — copying.dita
2026-09-28 05:01:57,401 [INFO] pipeline.enrich_runner: [Re-validating] 25/71 — copying_documents_or_photos.dita
2026-09-28 05:01:57,419 [INFO] pipeline.enrich_runner: [Re-validating] 26/71 — copying_options.dita
2026-09-28 05:01:57,429 [INFO] pipeline.enrich_runner: [Re-validating] 27/71 — borderless_paper_type_compatibility.dita
2026-09-28 05:01:57,451 [INFO] pipeline.enrich_runner: [Re-validating] 28/71 — compatible_metr_papers.dita
2026-09-28 05:01:57,469 [INFO] pipeline.enrich_runner: [Re-validating] 29/71 — double_sided_printing_capacity.dita
2026-09-28 05:01:57,478 [INFO] pipeline.enrich_runner: [Re-validating] 30/71 — loading_paper.dita
2026-09-28 05:01:57,503 [INFO] pipeline.enrich_runner: [Re-validating] 31/71 — loading_paper_in_the_rear_paper_feeder.dita
2026-09-28 05:01:57,517 [INFO] pipeline.enrich_runner: [Re-validating] 32/71 — paper_loading_capacity.dita
2026-09-28 05:01:57,531 [INFO] pipeline.enrich_runner: [Re-validating] 33/71 — paper_or_media_type_settings_control_panel.dita
2026-09-28 05:01:57,548 [INFO] pipeline.enrich_runner: [Re-validating] 34/71 — paper_or_media_type_settings_printing_software.dita
2026-09-28 05:01:57,564 [INFO] pipeline.enrich_runner: [Re-validating] 35/71 — paper_source_settings_options.dita
2026-09-28 05:01:57,577 [INFO] pipeline.enrich_runner: [Re-validating] 36/71 — selecting_the_default_paper_source_settings.dita
2026-09-28 05:01:57,590 [INFO] pipeline.enrich_runner: [Re-validating] 37/71 — selecting_the_paper_settings_control_panel.dita
2026-09-28 05:01:57,601 [INFO] pipeline.enrich_runner: [Re-validating] 38/71 — placing_originals_on_the_product.dita
2026-09-28 05:01:57,616 [INFO] pipeline.enrich_runner: [Re-validating] 39/71 — placing_originals_on_the_scanner_glass.dita
2026-09-28 05:01:57,627 [INFO] pipeline.enrich_runner: [Re-validating] 40/71 — changing_lcd_screen_language.dita
2026-09-28 05:01:57,639 [INFO] pipeline.enrich_runner: [Re-validating] 41/71 — changing_the_power_off_timer_setting_from_the_control_panel.dita
2026-09-28 05:01:57,652 [INFO] pipeline.enrich_runner: [Re-validating] 42/71 — changing_the_sleep_timer_setting_from_the_control_panel.dita
2026-09-28 05:01:57,665 [INFO] pipeline.enrich_runner: [Re-validating] 43/71 — entering_characters_on_the_lcd_screen.dita
2026-09-28 05:01:57,675 [INFO] pipeline.enrich_runner: [Re-validating] 44/71 — product_basics.dita
2026-09-28 05:01:57,688 [INFO] pipeline.enrich_runner: [Re-validating] 45/71 — product_parts_back.dita
2026-09-28 05:01:57,698 [INFO] pipeline.enrich_runner: [Re-validating] 46/71 — product_parts_front.dita
2026-09-28 05:01:57,711 [INFO] pipeline.enrich_runner: [Re-validating] 47/71 — product_parts_inside.dita
2026-09-28 05:01:57,722 [INFO] pipeline.enrich_runner: [Re-validating] 48/71 — product_parts_locations.dita
2026-09-28 05:01:57,737 [INFO] pipeline.enrich_runner: [Re-validating] 49/71 — status_icon_information.dita
2026-09-28 05:01:57,749 [INFO] pipeline.enrich_runner: [Re-validating] 50/71 — the_lcd_screen.dita
2026-09-28 05:01:57,759 [INFO] pipeline.enrich_runner: [Re-validating] 51/71 — using_power_saving_settings.dita
2026-09-28 05:01:57,774 [INFO] pipeline.enrich_runner: [Re-validating] 52/71 — using_the_control_panel.dita
2026-09-28 05:01:57,785 [INFO] pipeline.enrich_runner: [Re-validating] 53/71 — viewing_animations.dita
2026-09-28 05:01:57,795 [INFO] pipeline.enrich_runner: [Re-validating] 54/71 — check_ink_levels.dita
2026-09-28 05:01:57,808 [INFO] pipeline.enrich_runner: [Re-validating] 55/71 — checking_ink_levels_mac.dita
2026-09-28 05:01:57,818 [INFO] pipeline.enrich_runner: [Re-validating] 56/71 — checking_ink_levels_on_your_product.dita
2026-09-28 05:01:57,830 [INFO] pipeline.enrich_runner: [Re-validating] 57/71 — checking_ink_levels_windows.dita
2026-09-28 05:01:57,843 [INFO] pipeline.enrich_runner: [Re-validating] 58/71 — disabling_special_offers_with_windows.dita
2026-09-28 05:01:57,857 [INFO] pipeline.enrich_runner: [Re-validating] 59/71 — ink_bottle_part_numbers.dita
2026-09-28 05:01:57,870 [INFO] pipeline.enrich_runner: [Re-validating] 60/71 — ink_safety_precautions.dita
2026-09-28 05:01:57,881 [INFO] pipeline.enrich_runner: [Re-validating] 61/71 — purchase_metr_ink.dita
2026-09-28 05:01:57,891 [INFO] pipeline.enrich_runner: [Re-validating] 62/71 — refilling_ink.dita
2026-09-28 05:01:57,908 [INFO] pipeline.enrich_runner: [Re-validating] 63/71 — refilling_the_ink_tanks.dita
2026-09-28 05:01:57,971 [INFO] pipeline.enrich_runner: [Re-validating] 64/71 — adjusting_print_quality_map.ditamap
2026-09-28 05:01:57,981 [INFO] pipeline.enrich_runner: [Re-validating] 65/71 — cleaning_and_transporting_your_product_map.ditamap
2026-09-28 05:01:57,990 [INFO] pipeline.enrich_runner: [Re-validating] 66/71 — copying_map.ditamap
2026-09-28 05:01:58,000 [INFO] pipeline.enrich_runner: [Re-validating] 67/71 — loading_paper_map.ditamap
2026-09-28 05:01:58,010 [INFO] pipeline.enrich_runner: [Re-validating] 68/71 — placing_originals_on_the_product_map.ditamap
2026-09-28 05:01:58,071 [INFO] pipeline.enrich_runner: [Re-validating] 69/71 — printer_user_s_guide.ditamap
2026-09-28 05:01:58,092 [INFO] pipeline.enrich_runner: [Re-validating] 70/71 — product_basics_map.ditamap
2026-09-28 05:01:58,104 [INFO] pipeline.enrich_runner: [Re-validating] 71/71 — refilling_ink_map.ditamap
2026-09-28 05:01:58,110 [INFO] utils.validation_runner: [Validation] Done — files=71, violations=3 (errors=0, warnings=3)
2026-09-28 05:01:58,110 [INFO] pipeline.enrich_runner: [EnrichPipeline] Re-validation pass 1 — 3 → 3 violation(s)
2026-09-28 05:01:58,115 [INFO] pipeline.enrich_runner: [EnrichPipeline] No improvement in violation count — stopping iteration
2026-09-28 05:01:58,120 [INFO] pipeline.enrich_runner: [EnrichPipeline] Saved: _agent_report.json
2026-09-28 05:01:58,120 [INFO] pipeline.enrich_runner: [EnrichPipeline] ── Layer 7: Suggestion Agent ──
2026-09-28 05:01:58,125 [INFO] layers.layer7_fix_agent: L6/Suggest ── Started ──
2026-09-28 05:01:58,126 [INFO] layers.layer7_fix_agent: L6/Suggest 29 issues (pre-dedup)
2026-09-28 05:01:58,127 [INFO] layers.layer7_fix_agent: L6/Suggest 29 unique issues
2026-09-28 05:01:58,127 [INFO] layers.layer7_fix_agent: L6/Suggest tmpl table_missing_title product_basics/status_icon_information.dita
2026-09-28 05:01:58,131 [INFO] layers.layer7_fix_agent: L6/Suggest tmpl step_empty_cmd product_basics/using_the_control_panel.dita
2026-09-28 05:01:58,134 [INFO] layers.layer7_fix_agent: L6/Suggest tmpl table_missing_title loading_paper/paper_or_media_type_settings_printing_software.dita
2026-09-28 05:01:58,138 [INFO] layers.layer7_fix_agent: L6/Suggest tmpl table_col_mismatch loading_paper/paper_loading_capacity.dita
2026-09-28 05:01:58,141 [INFO] layers.layer7_fix_agent: L6/Suggest tmpl table_missing_title loading_paper/paper_loading_capacity.dita
2026-09-28 05:01:58,144 [INFO] layers.layer7_fix_agent: L6/Suggest tmpl table_missing_title loading_paper/paper_or_media_type_settings_control_panel.dita
2026-09-28 05:01:58,147 [INFO] layers.layer7_fix_agent: L6/Suggest tmpl table_col_mismatch loading_paper/double_sided_printing_capacity.dita
2026-09-28 05:01:58,151 [INFO] layers.layer7_fix_agent: L6/Suggest tmpl table_missing_title loading_paper/double_sided_printing_capacity.dita
2026-09-28 05:01:58,155 [INFO] layers.layer7_fix_agent: L6/Suggest tmpl table_col_mismatch loading_paper/paper_source_settings_options.dita
2026-09-28 05:01:58,158 [INFO] layers.layer7_fix_agent: L6/Suggest tmpl table_missing_title loading_paper/paper_source_settings_options.dita
2026-09-28 05:01:58,162 [INFO] layers.layer7_fix_agent: L6/Suggest tmpl table_col_mismatch loading_paper/compatible_metr_papers.dita
2026-09-28 05:01:58,165 [INFO] layers.layer7_fix_agent: L6/Suggest tmpl table_missing_title loading_paper/compatible_metr_papers.dita
2026-09-28 05:01:58,169 [INFO] layers.layer7_fix_agent: L6/Suggest tmpl table_col_mismatch copying/copying_options.dita
2026-09-28 05:01:58,172 [INFO] layers.layer7_fix_agent: L6/Suggest tmpl table_missing_title copying/copying_options.dita
2026-09-28 05:01:58,176 [INFO] layers.layer7_fix_agent: L6/Suggest tmpl step_empty_cmd adjusting_print_quality/checking_the_nozzles_using_a_computer_utility.dita
2026-09-28 05:01:58,180 [INFO] layers.layer7_fix_agent: L6/Suggest tmpl step_empty_cmd adjusting_print_quality/cleaning_the_print_head_using_the_product_control_panel.dita
2026-09-28 05:01:58,183 [INFO] layers.layer7_fix_agent: L6/Suggest tmpl table_missing_title refilling_ink/ink_bottle_part_numbers.dita
2026-09-28 05:01:58,187 [INFO] layers.layer7_fix_agent: L6/Suggest tmpl missing_steps product_basics/entering_characters_on_the_lcd_screen.dita
2026-09-28 05:01:58,190 [INFO] layers.layer7_fix_agent: L6/Suggest tmpl missing_steps product_basics/using_power_saving_settings.dita
2026-09-28 05:01:58,193 [INFO] layers.layer7_fix_agent: L6/Suggest tmpl missing_steps loading_paper/paper_or_media_type_settings_printing_software.dita
2026-09-28 05:01:58,196 [INFO] layers.layer7_fix_agent: L6/Suggest tmpl missing_steps loading_paper/paper_or_media_type_settings_control_panel.dita
2026-09-28 05:01:58,199 [INFO] layers.layer7_fix_agent: L6/Suggest tmpl missing_steps loading_paper/paper_source_settings_options.dita
2026-09-28 05:01:58,203 [INFO] layers.layer7_fix_agent: L6/Suggest tmpl missing_steps copying/copying_options.dita
2026-09-28 05:01:58,206 [INFO] layers.layer7_fix_agent: L6/Suggest tmpl missing_steps adjusting_print_quality/print_head_maintenance.dita
2026-09-28 05:01:58,209 [INFO] layers.layer7_fix_agent: L6/Suggest tmpl missing_steps adjusting_print_quality/power_cleaning.dita
2026-09-28 05:01:58,213 [INFO] layers.layer7_fix_agent: L6/Suggest tmpl missing_steps adjusting_print_quality/adjusting_print_quality.dita
2026-09-28 05:01:58,216 [INFO] layers.layer7_fix_agent: L6/Suggest tmpl dtd_violation adjusting_print_quality/checking_the_nozzles_using_the_product_control_panel.dita
2026-09-28 05:01:58,220 [INFO] layers.layer7_fix_agent: L6/Suggest tmpl dtd_violation loading_paper/loading_paper_in_the_rear_paper_feeder.dita
2026-09-28 05:01:58,223 [INFO] layers.layer7_fix_agent: L6/Suggest tmpl dtd_violation refilling_ink/checking_ink_levels_windows.dita
2026-09-28 05:01:58,228 [INFO] layers.layer7_fix_agent: L6/Suggest ✓ saved 29 suggestions
2026-09-28 05:01:58,228 [INFO] layers.layer7_fix_agent: L6/Suggest ── Done ──
2026-09-28 05:01:58,228 [INFO] pipeline.enrich_runner: [EnrichPipeline] Layer 7 — suggestions_generated=29
2026-09-28 05:01:58,243 [INFO] pipeline.enrich_runner: [EnrichPipeline] Final element counts (post-enrichment): {'ol': 8, 'ul': 28, 'table': 12, 'image': 154, 'crosslink': 0, 'hyperlink': 2, 'concept': 16, 'task': 34, 'reference': 0, 'topic': 13}
2026-09-28 05:01:58,249 [INFO] pipeline.enrich_runner: [EnrichPipeline] Saved: _agent_report.json
2026-09-28 05:01:58,251 [INFO] pipeline.enrich_runner: [EnrichPipeline] Saved: pre_enrichment.json
2026-09-28 05:01:58,255 [INFO] pipeline.enrich_runner: [EnrichPipeline] Saved: post_enrichment.json
2026-09-28 05:01:58,256 [INFO] pipeline.enrich_runner: [EnrichPipeline] Summary log written: ai_enrichment_summary.log
2026-09-28 05:01:58,257 [INFO] pipeline.enrich_runner: [EnrichPipeline] migration_summary.log updated with AI enrichment values
2026-09-28 05:01:58,277 [INFO] pipeline.enrich_runner: [EnrichPipeline] Raw backup deleted after successful enrichment
